{"generation": 23, "activations": [0.2300183872057255, 0.8162845864314986, 0.7634390449241322, 0.6344907838445549, 0.7391613768197769, 0.23000674174537888, 0.6250774476181282, 0.5137073684233971, 0.728235312981244, 0.685532609114624, 0.6154137055633778, 0.07531590394201945, 0.3181177179851353, 0.6158807329095549, 0.04554392612580022], "weights": [[-0.4921729825612544, 0.8933970903940673, 0.9914233840312645, -0.32611373036652735, 0.7255918678804232, -0.6006275396082479, -0.7318631227969956, -0.34473615592682716, -0.26191145787322, 0.945933756017566, 0.9059625183033289, 0.048241994974214775, 0.03675655445507009, 0.6405821962083846, 0.6735291167243014], [-0.10698365240337293, 0.12639222533926997, -0.3407666117511299, 0.03466540841684229, 0.4141929815027563, -0.5997974831662325, -0.7717380433388266, 0.6145589730528636, -0.04121921731966016, 0.29014096961556146, 0.6715868081580141, 0.10255837203028095, 0.7222468113231599, 0.4368042199759168, -0.6913580691937649], [0.7075698373984813, 0.4709085194734295, -0.011654343685751023, 0.826683451133414, -0.5651502852148211, 0.5357744685381369, 0.0067645003849676755, 0.251360382525192, 0.823673155000435, 0.9109540571110346, -0.38684119023932206, -0.2834684639938043, -0.6639894722080533, -0.6683966282810807, -0.7712641756600065], [-0.9824672362528561, 0.7698709053118933, 0.8678310238117859, -0.04106894420343665, 0.01932415693181655, -0.12088239569266634, 0.434772983358638, 0.451152581503488, 0.3482958090896364, -0.2005424053788214, 0.5448389901542683, -0.4124164059449791, 0.23193503987852382, 0.8852697626419757, 0.714732313017266], [-0.5804982772792051, -0.009927547017794414, -0.3122858208306496, 0.06935521579141168, 0.049402371274255064, -0.6309913540970888, -0.501826372273994, -0.7720157951427866, 0.6441328941686744, -0.8976026202892473, 0.7993287910878197, -0.6259218856777042, -0.5423287531044396, -0.5685595330563682, -0.3952207078960557], [0.5923255499847582, 0.40263819406089385, 0.9235997986901587, 0.288805932287981, -0.31238635155778427, 0.5886966312492001, 0.5983637875432686, -0.7512759470793096, -0.9456807269356629, -0.49726338051343766, -0.860701530619451, 0.26385866855830864, 0.3431701126333371, -0.9968559690087784, -0.06837824613802312], [0.30047501093130924, -0.8386233189772816, 0.7960885288675612, -0.022366416940790446, 0.5659399021544584, 0.7587330925180749, -0.6480734390139877, -0.5066595265149834, 0.5309476479604613, -0.8903799102172827, -0.29211754352905994, 0.7279014199685541, 0.663776544739977, 0.5243531598379394, -0.5475676131526332], [0.08255561969638214, 0.9499292232341661, -0.263151005316103, 0.1735503371567022, 0.5774423456912674, 0.20794363172666563, 0.17344760875834409, 0.7627172077018001, -0.5527691449355345, 0.9266048707407768, -0.8209318421149692, 0.09009744689881272, -0.23457953454228053, 0.72925361326373, 0.12159206150333168], [-0.352385535067105, 0.9251122728716443, -0.33163506215204297, -0.27974743680750525, 0.46646377336068756, -0.47134113316066273, 0.7723968109483497, -0.7828293103375747, 0.07815048472179398, 0.697638799530923, -0.6744902089037916, -0.5129994535754281, -0.36558358774855715, -0.5597570893856076, -0.46226439180054535], [-0.10328251476702333, -0.9031249981572491, 0.288067877251839, 0.6454919496043607, 0.438733960772139, -0.43991616088417507, 0.11968395679747479, 0.27107790666459053, 0.21874844092045498, 0.21348285826955737, -0.19008044806198376, -0.7676383985549204, -0.6991974493780868, 0.7100743574423631, -0.7077271354162686], [0.13217016535380255, 0.7049661510912921, 0.6331564044531257, -0.7307012682484912, 0.2996833758824289, -0.01025565817432672, 0.47970140657049254, -0.07579760917713863, 0.09508120636708517, -0.76069518740929, 0.6111878211210942, -0.5021612303625198, -0.4512812613565913, -0.749386309711078, -0.9737436539335331], [-0.6407310069427947, -0.707086345349135, -0.08349268245913355, 0.4163013934021833, 0.3288001257436437, -0.22668321270290792, -0.5047219264334197, -0.3956353949112046, -0.21134698118592343, -0.6132000247566252, -0.8189505156177996, -0.9898337057268087, 0.4916445380126837, -0.30625855705911653, 0.04408787977481676], [0.48426140211902347, 0.2025786888924188, -0.8710325543959585, 0.11436326976425559, -0.3745911501716268, 0.026589684109115774, -0.4330411792462763, -0.5915737707451809, -0.7117742873918635, 0.004124926360140835, 0.32551319519029964, -0.824640383371124, -0.9179514556741057, 0.13122251331908963, -0.1266650688626989], [-0.9904467740210987, -0.7183033763938149, 0.6985204275247883, -0.1924723168201279, -0.5448396416852899, -0.299630330369973, 0.557499585535246, 0.8381794873852131, -0.24344625004161302, 0.1205381493066926, 0.218126184835147, -0.037403435523752915, 0.9118678448584605, 0.9494759051059363, -0.03962744505825033], [0.9513675627081322, -0.7310464633559663, 0.3520850888033433, 0.5412581239228185, 0.45502477707540234, 0.7936383810618552, 0.9373472427834171, 0.2916046460764763, 0.8188560468286414, 0.7110229048326069, -0.4965718566482251, -0.146736537073487, 0.8694853118512413, 0.11982494596726379, -0.05823394527469472]]}