{"generation": 4, "energy_levels": [58.04850108000001, 57.1520146108, 65.09265997604001, 79.1568852, 53.23037803036, 39.387938116, 49.21105568, 61.08185821956, 65.83261148, 28.5057794012, 36.414146720000005, 68.66628, 35.358972, 36.4883, 51, 57.99906076604, 50.024133199999994, 57.507267999999996, 34.40468592, 32.4374716], "entropy": -87.07}