{"generation": 18, "energy_levels": [49.48638166245471, 51.195074746016786, 56.5696363244809, 60.50102807034727, 50.79489133279144, 47.37255518120003, 50.31808953468108, 55.073217828157624, 58.40760417520899, 45.431880820141, 47.82475797901189, 54.5424810988015, 44.31959453961128, 46.213737199014744, 50.703025479379214, 52.29254946567508, 48.52676848685028, 50.10180140279663, 47.24891762807063, 50.07600704530896], "entropy": 82.35}