{"generation": 30, "energy_levels": [49.958957987788914, 51.282939617605955, 53.47621422067249, 53.88228441012089, 50.96953600646586, 49.67268160185046, 50.50669065983167, 52.30366743161371, 51.727017437841575, 49.17888794516578, 49.75321586998935, 52.27707662619073, 48.46530547686275, 49.360233363047364, 51.19676689276372, 51.528587032323905, 50.18189818032323, 51.018877072375396, 49.21010809841363, 51.04905406875264], "entropy": 98.04}