{"generation": 32, "energy_levels": [49.958957987788914, 51.30750435907775, 53.09586095879028, 53.41506677895016, 50.96953600646586, 50.04948610374091, 50.34515019265694, 51.63074438896865, 51.73442885426772, 50.021096023806926, 49.81898635028575, 51.840879403979386, 48.82457482902999, 49.360233363047364, 51.19690634404984, 51.612530427045066, 50.237739341145634, 51.08686232977465, 49.677325729584354, 50.81613022754387], "entropy": 98.68}