{"generation": 22, "energy_levels": [49.10290002206477, 52.80922921024447, 55.32150116933215, 56.28326088139744, 52.2189852494355, 48.72441031351148, 49.32409159886181, 53.434183737381346, 55.16475138483582, 48.27692973709426, 49.45417725558677, 53.00200047972517, 44.890193683163666, 47.37760874300917, 51.674868055937274, 52.05684652192699, 49.52804121919463, 49.989304692979125, 48.092170763170316, 50.27454528114788], "entropy": 91.81}