{"generation": 8, "energy_levels": [53.13982852224052, 52.88318455241077, 62.76231775051251, 73.65840875076675, 52.15791786831845, 41.349967113286695, 50.453082438836006, 57.40242038156747, 65.49146773227916, 37.38726590287105, 39.21883421508355, 68.66628, 38.065050510485264, 39.24901438466532, 50.28269769077108, 55.74045582510814, 46.66444369550834, 48.895884060854726, 41.56002915378426, 41.97144945064998], "entropy": -8.18}