{"generation": 39, "energy_levels": [50.42140349171075, 50.911005862683304, 52.44096680505382, 52.708017118288865, 50.91007264827195, 50.71045221379224, 50.794570741784604, 51.30534181814801, 51.19795583005181, 50.30840726383909, 50.56614323054359, 51.43843165519299, 49.47872306657211, 50.100716772276236, 50.76480046678531, 51.0765899574541, 50.526898419271255, 50.82628288422651, 49.885665348702084, 50.62755440535142], "entropy": 99.46}