{"generation": 6, "energy_levels": [53.7129832322408, 53.09525858973805, 66.49908249843601, 77.750462677604, 53.97192654825383, 38.71606625209857, 50.453082438836006, 59.90431469140452, 65.83261148, 32.98332519586595, 38.208376552816006, 68.66628, 35.855624846157404, 38.04315567514165, 51, 57.949881489436, 48.74487035338824, 52.17667350430424, 34.925256393784565, 38.51076758049419], "entropy": -54.66}