{"generation": 33, "energy_levels": [50.367222027489795, 51.30750435907775, 52.962822632567146, 53.41506677895016, 50.96953600646586, 50.21798037879359, 50.34515019265694, 51.63074438896865, 51.41761640363504, 49.901443904329234, 49.81898635028575, 51.86452327402213, 48.94422694850768, 49.360233363047364, 51.038121994371856, 51.45643025544806, 50.32667074705966, 51.16226403719512, 49.677325729584354, 50.81613022754387], "entropy": 98.8}