{"generation": 24, "energy_levels": [48.20275613750566, 52.80922921024447, 55.32150116933215, 55.387075885221975, 51.63826793525184, 49.31350676996985, 50.1003920616584, 53.016687376028855, 53.38337369709029, 48.849306270915626, 49.450752282366835, 53.330126519892396, 45.932878739972885, 48.38348031691577, 51.084607306669454, 52.05684652192699, 49.652251579301975, 49.86263820163874, 48.140152987731675, 51.084169030364194], "entropy": 94.01}