{"generation": 15, "energy_levels": [49.468492047827496, 51.86345636690593, 55.939195170137005, 63.71571927730993, 51.56640694958874, 46.54166570072463, 48.577844982359025, 55.388005914812574, 60.22998442473479, 42.267059249678574, 47.06940105036469, 58.30035843958616, 42.51960422668256, 46.62419641816276, 51.290424803406616, 50.722198691621045, 49.1582209883138, 49.41597065987413, 46.74713620508965, 49.59465843281993], "entropy": 70.93}