{"generation": 10, "energy_levels": [49.9273119228189, 51.88223577598683, 62.76231775051251, 70.35366124027, 53.018057900980885, 43.74402923761292, 50.453082438836006, 56.9504967986518, 63.83190936513672, 40.73635797185502, 43.781992955422226, 61.86941253306269, 39.43300807708998, 40.3523827152759, 49.1793293601605, 54.07644216677153, 46.66444369550834, 49.06025416669331, 43.51413452336395, 45.409139403990004], "entropy": 29.16}