{"generation": 23, "energy_levels": [48.20275613750566, 52.80922921024447, 55.32150116933215, 55.387075885221975, 52.2189852494355, 48.80477340407979, 49.32409159886181, 53.25825216923694, 55.16475138483582, 48.634316725793, 49.24652040432901, 53.330126519892396, 45.63271896377065, 47.6949019736577, 51.49341263538294, 52.05684652192699, 49.447678128626315, 49.989304692979125, 48.140152987731675, 50.84260423715611], "entropy": 92.65}