{"generation": 37, "energy_levels": [50.40331102435664, 50.96728702042745, 52.505576957990485, 53.022305972138085, 50.93873753429426, 50.412266545132844, 50.8155309924105, 51.30534181814801, 51.213543020752425, 50.21037031333033, 50.57827998358013, 51.47726902116952, 49.47872306657211, 49.93598373010436, 50.803970902524476, 51.088895361404276, 50.4785698286644, 50.94386007616706, 49.76808815676153, 50.65208867407112], "entropy": 99.34}