{"generation": 11, "energy_levels": [49.840606147206344, 51.36045656793898, 61.02699991586026, 70.35366124027, 52.43069783474702, 44.14280804433924, 51.10282387481759, 56.0865549659691, 63.83190936513672, 40.73635797185502, 43.781992955422226, 61.31254681602344, 39.43300807708998, 40.66855789608471, 49.1793293601605, 53.660600555699, 47.186222903556185, 50.33386766711876, 43.197959342555144, 47.3330384981498], "entropy": 34.01}