{"generation": 16, "energy_levels": [49.411903252270776, 51.623959934998084, 56.67117621856369, 62.527024605977125, 51.56640694958874, 46.54166570072463, 48.6358825829545, 54.99720678997307, 59.399021250518324, 42.267059249678574, 47.06940105036469, 57.74881788542617, 42.51960422668256, 46.62419641816276, 51.290424803406616, 51.87081379125706, 48.894487192201915, 50.49737203636019, 47.24891762807063, 49.59465843281993], "entropy": 73.51}