{"generation": 5, "energy_levels": [54.120470831416405, 55.078227821720006, 66.49908249843601, 77.750462677604, 53.23037803036, 40.328399674164, 50.0455948396604, 60.645863209298355, 65.83261148, 28.5057794012, 38.208376552816006, 68.66628, 35.97192090270401, 38.447430092379605, 51, 57.949881489436, 50.024133199999994, 57.15790312720524, 34.40468592, 33.132518251600004], "entropy": -73.07}