{"generation": 21, "energy_levels": [49.209350252595385, 52.51022271085953, 55.48770031767903, 56.403480845405596, 52.2189852494355, 48.617960082980865, 49.32409159886181, 53.96196413500988, 55.61357418797804, 48.27692973709426, 48.97683430462155, 53.00200047972517, 44.890193683163666, 47.37760874300917, 51.23863263982496, 52.73779342591625, 48.68416015872455, 50.10180140279663, 48.092170763170316, 50.27454528114788], "entropy": 91.07}