{"generation": 35, "energy_levels": [50.45368653729907, 51.07117661802074, 52.648439004339004, 53.41506677895016, 50.98379472813353, 50.21798037879359, 50.411693044644764, 51.37580932140814, 51.41761640363504, 49.901443904329234, 50.13336997851389, 51.59018923966955, 49.47872306657211, 49.77900217597623, 50.8475591097544, 51.15367777394784, 50.47173820852984, 51.209811281914504, 49.76808815676153, 50.67113428880683], "entropy": 99.11}