{"generation": 26, "energy_levels": [48.595552857455836, 51.13723896292765, 55.32150116933215, 54.85840750286562, 51.47792301684934, 49.31350676996985, 50.629060444014755, 52.86293161330106, 53.378048979370504, 49.08941186890619, 49.823490653925994, 52.80539762639925, 47.30981101419006, 48.38348031691577, 50.86107720309407, 51.832552318291555, 49.50610171869744, 50.04020117500005, 48.638246569694516, 51.13605821879838], "entropy": 95.53}