{"generation": 28, "energy_levels": [49.18669934549218, 51.309808227964986, 53.91587124978294, 54.21797409979054, 51.21057828828629, 49.6059735590902, 50.83814805855526, 52.69036234826372, 52.33799501404626, 49.23054266421627, 49.92535439519741, 52.30962784195864, 48.20396914311682, 49.09450687518989, 50.86107720309407, 51.984115684279516, 49.50610171869744, 50.95516332738183, 48.56608539379587, 51.05004556179989], "entropy": 97.25}