{"generation": 40, "energy_levels": [50.42140349171075, 50.911005862683304, 52.44096680505382, 52.54923678416104, 50.92672437919016, 50.71045221379224, 50.794570741784604, 51.30534181814801, 51.20862626373676, 50.334180860509534, 50.615731643807464, 51.257088522678195, 49.47872306657211, 50.33290220683933, 50.664534809447936, 51.08184381499614, 50.526898419271255, 50.82628288422651, 49.972206399896066, 50.64127901149481], "entropy": 99.52}