{"generation": 19, "energy_levels": [49.48638166245471, 52.493330043271385, 56.92885870714361, 57.924160365879224, 51.69566597635682, 47.37255518120003, 50.31808953468108, 55.389989221237805, 56.246853199488406, 46.63354441784627, 47.89495902979573, 54.5424810988015, 44.31959453961128, 46.213737199014744, 50.703025479379214, 52.95348083159556, 48.6185113969907, 50.10180140279663, 47.24891762807063, 49.91406308438471], "entropy": 85.87}