{"generation": 29, "energy_levels": [49.519300958678464, 51.309808227964986, 53.91587124978294, 54.21797409979054, 51.04112212437465, 49.67268160185046, 50.50669065983167, 52.30366743161371, 52.02286544719085, 49.268085753703666, 49.92535439519741, 52.27707662619073, 48.20396914311682, 49.064385353698086, 50.86107720309407, 52.016666900047426, 49.65907732932545, 50.95516332738183, 49.21010809841363, 51.04905406875264], "entropy": 97.56}