{"generation": 42, "energy_levels": [50.57975330491218, 50.93204584319141, 52.31359219570259, 51.846551810523636, 50.92672437919016, 50.703237498472625, 50.9989405096861, 51.029160106451485, 51.198553874854454, 50.43022230654786, 50.66043248554129, 51.251996500449835, 49.788998290075874, 50.441197757002065, 50.65077117043027, 51.05031888889419, 50.544146248844186, 50.82628288422651, 50.14173845315835, 50.685335491844945], "entropy": 99.71}