{"generation": 43, "energy_levels": [50.62469398506611, 51.02265678188319, 52.17543756045147, 51.754569067390285, 50.98106713103201, 50.701472559060946, 50.96412357576052, 50.98421942629756, 51.198553874854454, 50.43022230654786, 50.719588887032145, 51.19284009895898, 49.854218236768496, 50.37597781030944, 50.68735304376753, 50.99970162488919, 50.67994720070002, 50.82628288422651, 50.14173845315835, 50.685335491844945], "entropy": 99.75}