{"generation": 13, "energy_levels": [49.3117787173533, 53.15468983699304, 57.71035646813758, 68.44266441768367, 51.9209319010873, 44.22409336708263, 48.37568238610165, 56.0865549659691, 60.22998442473479, 40.73635797185502, 45.272103779100455, 61.31254681602344, 41.99116272938167, 41.58576272119687, 51.290424803406616, 51.9114841666395, 48.01545380690475, 50.30958458614857, 47.27557770239054, 47.84280443180952], "entropy": 51.53}