{"generation": 38, "energy_levels": [50.40331102435664, 50.96728702042745, 52.37637356426668, 53.022305972138085, 50.91007264827195, 50.40447544298601, 50.733662333707755, 51.30534181814801, 51.34274641447623, 50.26851387115004, 50.58423569789769, 51.47726902116952, 49.47872306657211, 50.100716772276236, 50.76480046678531, 51.088895361404276, 50.44301624292368, 50.94386007616706, 49.76808815676153, 50.61630502811375], "entropy": 99.37}