{"generation": 36, "energy_levels": [50.38621810116679, 50.96728702042745, 52.648439004339004, 53.08689709890653, 50.98379472813353, 50.23735164537871, 50.57390727316931, 51.30534181814801, 51.32200872912728, 50.136170239681064, 50.557147333065274, 51.47726902116952, 49.47872306657211, 49.84647061210852, 50.87817097617374, 51.1230659075285, 50.47173820852984, 51.01030926754634, 49.76808815676153, 50.741601792066966], "entropy": 99.27}