{"generation": 27, "energy_levels": [49.18669934549218, 51.13723896292765, 53.91587124978294, 54.85840750286562, 51.33953365383034, 49.31350676996985, 50.629060444014755, 52.86293161330106, 52.77122518285246, 49.23054266421627, 50.23241874967833, 52.25833924852599, 47.9166348107081, 48.454073472114814, 50.86107720309407, 52.05573590988498, 49.50610171869744, 50.78230936654878, 48.638246569694516, 51.05004556179989], "entropy": 96.69}