{"generation": 9, "energy_levels": [50.72895909775077, 52.88318455241077, 62.76231775051251, 70.35366124027, 53.808754081486605, 42.24884097630906, 50.453082438836006, 57.40242038156747, 63.83190936513672, 37.92744091103083, 43.781992955422226, 64.51104435321365, 38.065050510485264, 40.3523827152759, 49.1793293601605, 54.301406953926, 46.66444369550834, 50.55544242799717, 42.712487348432084, 44.47584888426816], "entropy": 18.14}