{"generation": 7, "energy_levels": [53.13982852224052, 52.97384288792231, 65.0550748639798, 77.750462677604, 52.06725953280691, 38.71606625209857, 50.453082438836006, 59.90431469140452, 65.83261148, 32.98332519586595, 38.208376552816006, 68.66628, 38.065050510485264, 38.04315567514165, 51.321603720786214, 55.74045582510814, 48.312953175491394, 52.00378916754645, 36.82992340923149, 40.93254342063484], "entropy": -42.06}