{"generation": 12, "energy_levels": [49.06444795659664, 53.15468983699304, 61.02699991586026, 68.44266441768367, 52.43069783474702, 44.22409336708263, 49.22440448714121, 56.0865549659691, 62.3666513646391, 40.73635797185502, 43.781992955422226, 61.31254681602344, 41.187469200741724, 41.58576272119687, 50.64458736065812, 52.69338507970724, 46.51969471435458, 50.30958458614857, 44.87437594902976, 47.3330384981498], "entropy": 42.89}