{"generation": 20, "energy_levels": [49.27499901432924, 52.482299490068556, 56.405539434064934, 56.89013811222385, 52.2189852494355, 48.617960082980865, 50.025585975135144, 55.389989221237805, 55.61357418797804, 46.63354441784627, 47.89495902979573, 53.709606708822825, 44.31959453961128, 47.37760874300917, 50.6645318849094, 52.3940550644459, 48.6185113969907, 50.10180140279663, 48.092170763170316, 50.27454528114788], "entropy": 88.57}