{"generation": 34, "energy_levels": [50.400990056525025, 51.07117661802074, 52.962822632567146, 53.41506677895016, 51.0485508027567, 50.21798037879359, 50.34515019265694, 51.50453959778645, 51.41761640363504, 49.901443904329234, 49.81898635028575, 51.680669173083466, 49.35459617382739, 49.61063853165885, 50.9020423678931, 51.25134228613815, 50.494901268328796, 51.16226403719512, 49.76808815676153, 50.67113428880683], "entropy": 98.96}