{"generation": 41, "energy_levels": [50.42140349171075, 50.92368400987957, 52.31359219570259, 52.087991968285834, 50.92672437919016, 50.71045221379224, 51.00730234299794, 51.20809785701714, 51.294595320892775, 50.334180860509534, 50.615731643807464, 51.257088522678195, 49.788998290075874, 50.441197757002065, 50.65077117043027, 51.025109187449736, 50.52961046925705, 50.82628288422651, 49.95184994324938, 50.685335491844945], "entropy": 99.65}