{"generation": 44, "energy_levels": [50.630758135743996, 51.05822209809373, 52.03086852898478, 51.68137783883957, 50.86838224160566, 50.874316277251296, 50.96412357576052, 50.955944739573894, 51.198553874854454, 50.469828364315724, 50.75721479937232, 51.19284009895898, 49.96690312619485, 50.43835019176742, 50.68735304376753, 50.937329243431215, 50.67450428586664, 50.786676826458645, 50.195491741959216, 50.63096096719957], "entropy": 99.8}