{"generation": 31, "energy_levels": [49.958957987788914, 51.30750435907775, 53.47621422067249, 53.41506677895016, 50.96953600646586, 49.67268160185046, 50.34515019265694, 52.05799899853514, 51.77668598581117, 49.76648844577345, 49.81898635028575, 52.27707662619073, 48.46530547686275, 49.360233363047364, 51.12971603027261, 51.58398680492827, 50.18189818032323, 51.018877072375396, 49.677325729584354, 50.740309788547236], "entropy": 98.34}