{"generation": 14, "energy_levels": [49.468492047827496, 52.46271328147358, 55.59227509075143, 66.99214680625354, 51.56640694958874, 46.54166570072463, 48.54987668757199, 55.388005914812574, 60.22998442473479, 40.73635797185502, 47.10723148734615, 61.31254681602344, 41.99116272938167, 42.61833486574113, 51.290424803406616, 50.722198691621045, 48.01545380690475, 50.30958458614857, 47.27557770239054, 48.82955963544232], "entropy": 59.1}