{"generation": 17, "energy_levels": [49.33430118533915, 51.623959934998084, 56.67117621856369, 60.50102807034727, 50.70277259921292, 47.37255518120003, 49.484850497424986, 54.99720678997307, 59.399021250518324, 44.29305578530843, 47.40346838313628, 55.65577727773584, 43.7936977962064, 46.213737199014744, 50.855105956494775, 52.37707260614791, 48.894487192201915, 50.10180140279663, 47.24891762807063, 50.07600704530896], "entropy": 79.81}