{"generation": 25, "energy_levels": [48.595552857455836, 51.47912974875086, 55.32150116933215, 54.85840750286562, 51.63826793525184, 49.31350676996985, 50.629060444014755, 53.016687376028855, 53.378048979370504, 49.37166553744473, 49.450752282366835, 53.33545123761218, 46.549128852059326, 48.38348031691577, 50.86107720309407, 51.762298841074426, 49.652251579301975, 49.86263820163874, 48.19075297325658, 51.350340192195134], "entropy": 94.94}