{"generation": 31, "velocity_u": [[0.1, 0.1, 0.1, 0.1, 0.1, 0.1, 0.1, 0.1, 0.1, 0.1, 0.1, 0.1, 0.1, 0.1, 0.1], [0.1, 0.10785737873710166, 0.07284653661711943, 0.04402106420415666, 0.06434703687630554, 0.08064040164694214, 0.08516048071300848, 0.08194163834162149, 0.054537666770447996, 0.05935552074134838, 0.10282078255915657, 0.07764095597902168, 0.04979736498231856, 0.10409508171394076, 0.1], [0.1, 0.07732809783243363, 0.18765133795661396, 0.10720832962623268, 0.08899742149914693, 0.10624816939036831, 0.11991688985444321, 0.08864638948894667, 0.04438181480932317, 0.11425148004199247, 0.0756987498118791, 0.12585642856876353, 0.07080523141602364, 0.1404452381616471, 0.1], [0.1, 0.06140293888143404, 0.06533040863505106, 0.05782169819628069, 0.06431550527060506, 0.0679309514877176, 0.07845066433624578, 0.17412553440360107, 0.13686270109348556, 0.06399348255191838, 0.05454748131569711, 0.10932211191987473, 0.10969242954891313, 0.09222781867655247, 0.1], [0.1, 0.07597453582900426, 0.09992063054163992, 0.14072260657692565, 0.05861206332367912, 0.062346588393112384, 0.07698178090219246, 0.07099327699451784, 0.1630006277265844, 0.03643014228632812, 0.11958857445135115, 0.0737420087192395, 0.11682046578626451, 0.09281034061354962, 0.1], [0.1, 0.07424780438283049, 0.10265924760450956, 0.07197972091299777, 0.13524703415491887, 0.11233163055854473, 0.14749848070579488, 0.10080803683806099, 0.09173484551621525, 0.06256939218079328, 0.09234757288845721, 0.09751073170183568, 0.1417267966184387, 0.04650747922100119, 0.1], [0.1, 0.16756785227317667, 0.1461748760300784, 0.08532957326286106, 0.05033237727538185, 0.09922126238842503, 0.09793948034210129, 0.07881151711874368, 0.12005470052397396, 0.127925686633545, 0.074231177940077, 0.07353149826981956, 0.18970221207092436, 0.06883219441947462, 0.1], [0.1, 0.1301174036669315, 0.03784663637018964, 0.12299353547437337, 0.06463192366611982, 0.034259412231300995, 0.13737788130872336, 0.13170746843328493, 0.10671660156377322, 0.0745751248459906, 0.06549063940165009, 0.0858767188074462, 0.15760070584755895, 0.09281978690292297, 0.1], [0.1, 0.10521790533294079, 0.04227456042174589, 0.04996990651068071, 0.03475034403748603, 0.08315763667392168, 0.09913880258776527, 0.11472900680746007, 0.1591407217067903, 0.12302499950209024, 0.14212352191704503, 0.0976138790029734, 0.1574768813806887, 0.06394478822993287, 0.1], [0.1, 0.1271483641872022, 0.0744626039468607, 0.07157687314122725, 0.06899125991191733, 0.05088676508000571, 0.0750083019483867, 0.1316315579760952, 0.08971735083264877, 0.05516760705362724, 0.12021684381887945, 0.050147436313577445, 0.05519377333480646, 0.09924976389061775, 0.1], [0.1, 0.13071242544646527, 0.16031621934043247, 0.13552981564864894, 0.11614905626520655, 0.14205885187615494, 0.05909750222112913, 0.15587019402885458, 0.10102700169922586, 0.07144068943609022, 0.10624665000757957, 0.09676004067080587, 0.0985033100919674, 0.15193292893631155, 0.1], [0.1, 0.06373074949111193, 0.1038530039707747, 0.10731566185485726, 0.09454071199129772, 0.1150934169317268, 0.09173739339789248, 0.08548041310495395, 0.10365902737050216, 0.05489770136090799, 0.1320417506297406, 0.08179903818629991, 0.07180190231930993, 0.053872034421809316, 0.1], [0.1, 0.08031835989248334, 0.13004478304225575, 0.09385349324331108, 0.11153972301121513, 0.060826593899197215, 0.13024094832316566, 0.13832891563105223, 0.08495441604095666, 0.10648813908454208, 0.09323119804939176, 0.06623649026054838, 0.1026543761025301, 0.09669234090359649, 0.1], [0.1, 0.11317973084985276, 0.09626543541866518, 0.04949820573075258, 0.07440499817755146, 0.15085831408379924, 0.12083863284405759, 0.12648639486751131, 0.16841561968988, 0.14501223635072788, 0.11093349438145406, 0.1167623277352371, 0.10542500363839426, 0.08081617393728184, 0.1], [0.1, 0.1, 0.1, 0.1, 0.1, 0.1, 0.1, 0.1, 0.1, 0.1, 0.1, 0.1, 0.1, 0.1, 0.1]], "velocity_v": [[0.1, 0.1, 0.1, 0.1, 0.1, 0.1, 0.1, 0.1, 0.1, 0.1, 0.1, 0.1, 0.1, 0.1, 0.1], [0.1, 0.1, 0.1, 0.1, 0.1, 0.1, 0.1, 0.1, 0.1, 0.1, 0.1, 0.1, 0.1, 0.1, 0.1], [0.1, 0.1, 0.1, 0.1, 0.1, 0.1, 0.1, 0.1, 0.1, 0.1, 0.1, 0.1, 0.1, 0.1, 0.1], [0.1, 0.1, 0.1, 0.1, 0.1, 0.1, 0.1, 0.1, 0.1, 0.1, 0.1, 0.1, 0.1, 0.1, 0.1], [0.1, 0.1, 0.1, 0.1, 0.1, 0.1, 0.1, 0.1, 0.1, 0.1, 0.1, 0.1, 0.1, 0.1, 0.1], [0.1, 0.1, 0.1, 0.1, 0.1, 0.1, 0.1, 0.1, 0.1, 0.1, 0.1, 0.1, 0.1, 0.1, 0.1], [0.1, 0.1, 0.1, 0.1, 0.1, 0.1, 0.1, 0.1, 0.1, 0.1, 0.1, 0.1, 0.1, 0.1, 0.1], [0.1, 0.1, 0.1, 0.1, 0.1, 0.1, 0.1, 0.1, 0.1, 0.1, 0.1, 0.1, 0.1, 0.1, 0.1], [0.1, 0.1, 0.1, 0.1, 0.1, 0.1, 0.1, 0.1, 0.1, 0.1, 0.1, 0.1, 0.1, 0.1, 0.1], [0.1, 0.1, 0.1, 0.1, 0.1, 0.1, 0.1, 0.1, 0.1, 0.1, 0.1, 0.1, 0.1, 0.1, 0.1], [0.1, 0.1, 0.1, 0.1, 0.1, 0.1, 0.1, 0.1, 0.1, 0.1, 0.1, 0.1, 0.1, 0.1, 0.1], [0.1, 0.1, 0.1, 0.1, 0.1, 0.1, 0.1, 0.1, 0.1, 0.1, 0.1, 0.1, 0.1, 0.1, 0.1], [0.1, 0.1, 0.1, 0.1, 0.1, 0.1, 0.1, 0.1, 0.1, 0.1, 0.1, 0.1, 0.1, 0.1, 0.1], [0.1, 0.1, 0.1, 0.1, 0.1, 0.1, 0.1, 0.1, 0.1, 0.1, 0.1, 0.1, 0.1, 0.1, 0.1], [0.1, 0.1, 0.1, 0.1, 0.1, 0.1, 0.1, 0.1, 0.1, 0.1, 0.1, 0.1, 0.1, 0.1, 0.1]],