{"generation": 43, "velocity_u": [[0.1, 0.1, 0.1, 0.1, 0.1, 0.1, 0.1, 0.1, 0.1, 0.1, 0.1, 0.1, 0.1, 0.1, 0.1], [0.1, 0.1062868978090142, 0.03743026884699139, 0.10531722060025596, 0.05058368228915154, 0.09355658252142177, 0.06121390803959659, 0.11033375808674792, 0.06796532837439125, 0.083889356364056, 0.13406574242723082, 0.06893982674273767, 0.0647334549923842, 0.07566627687415375, 0.1], [0.1, 0.09533180932884881, 0.18188964842451208, 0.10979587049513809, 0.08590801636547846, 0.1407147746122013, 0.12725226687170962, 0.06320873918549587, 0.03585740025636169, 0.09148870954081398, 0.09345170088717042, 0.07083617703743024, 0.08548498290962843, 0.1413623719474748, 0.1], [0.1, 0.06502384736108857, 0.14828959243053993, 0.043499166169073795, 0.12552260067128315, 0.09997020242816251, 0.07642559136918557, 0.11637993317236235, 0.05961460759910943, 0.08450379370660276, -0.0015175040218198725, 0.13468079458741136, 0.07200742426923996, 0.08229173430223949, 0.1], [0.1, 0.09028951010828935, 0.09744665974488585, 0.10070315571497478, 0.03440973159492731, 0.03132516639403363, 0.04059176731680943, 0.13751962500817727, 0.18479351886242565, 0.08579401144531972, 0.07647842450725363, 0.09038503269305725, 0.08021773027900911, 0.12718661622094196, 0.1], [0.1, 0.06667251592375524, 0.07184286228818014, 0.1409819053835206, 0.1487972859303699, 0.07369609690947496, 0.12632611568187418, 0.09697870086974304, 0.08914394848180766, 0.05006864853804714, 0.14268009470388276, 0.08003122554721841, 0.10299168415386786, 0.08528968289376732, 0.1], [0.1, 0.0916231060187087, 0.1943472760473788, 0.07378233009686737, 0.06455549539108564, 0.13451757687125437, 0.12596380555467415, 0.0769941298996438, 0.08774435415483636, 0.12839435800893664, 0.13779498959787004, 0.06299456011126661, 0.16369571957621892, 0.06066421693822974, 0.1], [0.1, 0.14030496820579802, 0.06825468479946492, 0.1352728819990971, 0.061913333754567604, 0.01766365713507201, 0.13030723514451317, 0.0863751504910101, 0.07680826025995684, 0.05069037924040483, 0.07475533902512224, 0.07178693994676141, 0.10595166434843753, 0.07734633088713525, 0.1], [0.1, 0.13141625855604439, 0.07710345970463892, 0.03586439812772684, 0.020656806250565103, 0.0646525299190626, 0.1673278826862995, 0.12731053177219803, 0.12253088859212188, 0.12421807036805162, 0.09172068710170575, 0.12816995659595387, 0.23419950647428306, 0.08170763993298265, 0.1], [0.1, 0.10005482177586632, 0.04089786604697347, 0.03286213570855485, 0.03928861212084355, 0.0779515273514456, 0.05831766936199641, 0.08958375415323502, 0.1450193906838296, 0.08021387865778834, 0.175380106798706, 0.050801813699771076, 0.08147347618921567, 0.06051182464642637, 0.1], [0.1, 0.16422085916760443, 0.11076151024354326, 0.07752607820026629, 0.1002191667256492, 0.09583348664702264, 0.060648244133269885, 0.19906779191425114, 0.09060049105321717, 0.033381673680917094, 0.09186731046251315, 0.07213671756617916, 0.08406502718229159, 0.1841070723439842, 0.1], [0.1, 0.0858967915382327, 0.10814831870208463, 0.11459336387212576, 0.07217005216782091, 0.15406276378705536, 0.06689074405613032, 0.1376662842043328, 0.12681496073815932, 0.05379452422324667, 0.09926832044726808, 0.13399085668016186, 0.10245771081105193, 0.07976797985471427, 0.1], [0.1, 0.04984473463277055, 0.11783130385208049, 0.15645818963874833, 0.1601579223764158, 0.030763073697736655, 0.08843994219533083, 0.11596619685417318, 0.07552185886055154, 0.07045079350900547, 0.1419017637255715, 0.049560534030704255, 0.0853763667360621, 0.07461093817957262, 0.1], [0.1, 0.11127692726674591, 0.09882554722077853, 0.03918041638190428, 0.07301228053730921, 0.1314924040983941, 0.1647176049216196, 0.10883152562927359, 0.14499927982873773, 0.12033211676187185, 0.12265512878416164, 0.10401541490872368, 0.10517240601021435, 0.0757622485445997, 0.1], [0.1, 0.1, 0.1, 0.1, 0.1, 0.1, 0.1, 0.1, 0.1, 0.1, 0.1, 0.1, 0.1, 0.1, 0.1]], "velocity_v": [[0.1, 0.1, 0.1, 0.1, 0.1, 0.1, 0.1, 0.1, 0.1, 0.1, 0.1, 0.1, 0.1, 0.1, 0.1], [0.1, 0.1, 0.1, 0.1, 0.1, 0.1, 0.1, 0.1, 0.1, 0.1, 0.1, 0.1, 0.1, 0.1, 0.1], [0.1, 0.1, 0.1, 0.1, 0.1, 0.1, 0.1, 0.1, 0.1, 0.1, 0.1, 0.1, 0.1, 0.1, 0.1], [0.1, 0.1, 0.1, 0.1, 0.1, 0.1, 0.1, 0.1, 0.1, 0.1, 0.1, 0.1, 0.1, 0.1, 0.1], [0.1, 0.1, 0.1, 0.1, 0.1, 0.1, 0.1, 0.1, 0.1, 0.1, 0.1, 0.1, 0.1, 0.1, 0.1], [0.1, 0.1, 0.1, 0.1, 0.1, 0.1, 0.1, 0.1, 0.1, 0.1, 0.1, 0.1, 0.1, 0.1, 0.1], [0.1, 0.1, 0.1, 0.1, 0.1, 0.1, 0.1, 0.1, 0.1, 0.1, 0.1, 0.1, 0.1, 0.1, 0.1], [0.1, 0.1, 0.1, 0.1, 0.1, 0.1, 0.1, 0.1, 0.1, 0.1, 0.1, 0.1, 0.1, 0.1, 0.1], [0.1, 0.1, 0.1, 0.1, 0.1, 0.1, 0.1, 0.1, 0.1, 0.1, 0.1, 0.1, 0.1, 0.1, 0.1], [0.1, 0.1, 0.1, 0.1, 0.1, 0.1, 0.1, 0.1, 0.1, 0.1, 0.1, 0.1, 0.1, 0.1, 0.1], [0.1, 0.1, 0.1, 0.1, 0.1, 0.1, 0.1, 0.1, 0.1, 0.1, 0.1, 0.1, 0.1, 0.1, 0.1], [0.1, 0.1, 0.1, 0.1, 0.1, 0.1, 0.1, 0.1, 0.1, 0.1, 0.1, 0.1, 0.1, 0.1, 0.1], [0.1, 0.1, 0.1, 0.1, 0.1, 0.1, 0.1, 0.1, 0.1, 0.1, 0.1, 0.1, 0.1, 0.1, 0.1], [0.1, 0.1, 0.1, 0.1, 0.1, 0.1, 0.1, 0.1, 0.1, 0.1, 0.1, 0.1, 0.1, 0.1, 0.1], [0.1, 0.1, 0.1, 0.1, 0.1, 0.1, 0.1, 0.1, 0.1, 0.1, 0.1, 0.1, 0.1, 0.1, 0.1]],