{"generation": 16, "velocity_u": [[0.1, 0.1, 0.1, 0.1, 0.1, 0.1, 0.1, 0.1, 0.1, 0.1, 0.1, 0.1, 0.1, 0.1, 0.1], [0.1, 0.09466991961948643, 0.13643090936954302, 0.08136113922874523, 0.05403262537501155, 0.0794000132676931, 0.11312478891129331, 0.0968440290795517, 0.05464941163036895, 0.10452111321462049, 0.06454884336358337, 0.0806896530996604, 0.07610884633136199, 0.09948144699099826, 0.1], [0.1, 0.06954888042780602, 0.1196585581004347, 0.12809568409514685, 0.06798173738780224, 0.0790542995310614, 0.13516105947988197, 0.13623944645153804, 0.09774169211393065, 0.08636413435237372, 0.08300099476441984, 0.09154127792195951, 0.11987859103309409, 0.06687139014037974, 0.1], [0.1, 0.05754529866767408, 0.07738442776402149, 0.09652461812715782, 0.060867249793219336, 0.0762000657100352, 0.08429406545275481, 0.12939522479304016, 0.11492852608889298, 0.05472269999385397, 0.07832397039844692, 0.10149654410700512, 0.09877977056007754, 0.09933475982263615, 0.1], [0.1, 0.10698579896889761, 0.13917554175840266, 0.11002244544594134, 0.08884989506994728, 0.07187977191985728, 0.12324962275088786, 0.06768663155009698, 0.08774479027617146, 0.09102093319152352, 0.10823800466399322, 0.07698588330942589, 0.12498692337257541, 0.08504536743843766, 0.1], [0.1, 0.13458535124977766, 0.060855825296278476, 0.07572503273440752, 0.07966735448907446, 0.07605729156535548, 0.12069366623129175, 0.10682300593735504, 0.09118772537399873, 0.12748904960402516, 0.09612732086677808, 0.12375409062788725, 0.1336171952217486, 0.0613915748286643, 0.1], [0.1, 0.12490183539994804, 0.10257619502878915, 0.13767193688250937, 0.05227054320147531, 0.0846744858806785, 0.08985303614538254, 0.13014065634021701, 0.0995143154221717, 0.09716369290076031, 0.09263553764914224, 0.08349401458016577, 0.08964729783011598, 0.09311630707021548, 0.1], [0.1, 0.07904719034693798, 0.05480121139797117, 0.10230294658178184, 0.08421900316803961, 0.08706448853086263, 0.1338553961094068, 0.1376228016501397, 0.11189956380882068, 0.0808495941186408, 0.12053196776991465, 0.08726987226788896, 0.10816351595910398, 0.09486054670526964, 0.1], [0.1, 0.08504987856795779, 0.10481803475576729, 0.07651462405148299, 0.04874380039194461, 0.10816969141178842, 0.08487237369192553, 0.11842975579481603, 0.0996868222113, 0.09613953221221397, 0.13952483755884043, 0.09075380438186748, 0.07729629289455087, 0.13338397738137872, 0.1], [0.1, 0.09427572073289761, 0.11469049626090712, 0.103570231917924, 0.10681811670191299, 0.11923948326052573, 0.07405376067395843, 0.11224013076432884, 0.08337816293210196, 0.05524767041245242, 0.0922981907563404, 0.06373379013302978, 0.07516803766067966, 0.1279466395452236, 0.1], [0.1, 0.0963172993882524, 0.11394055086125218, 0.15455028184668354, 0.11054210652221445, 0.10141000586503539, 0.08665955910784576, 0.11692917149841582, 0.08344965964321763, 0.09709901881490302, 0.1075376302460004, 0.11981931493043232, 0.12090177142144212, 0.08476018768993486, 0.1], [0.1, 0.0815003492571366, 0.048303616421323525, 0.08771788284260046, 0.09062406728148856, 0.07752766314248012, 0.12796087010821702, 0.086648641472114, 0.11968388138503426, 0.09753521685734423, 0.11478044384536523, 0.07037801927539927, 0.08816700483803909, 0.06501634588565633, 0.1], [0.1, 0.11792987603396334, 0.10025932284065615, 0.10255036668894271, 0.12003278466270467, 0.0965528851385998, 0.146545573730905, 0.0998473195860357, 0.12478644068133292, 0.1374906164733746, 0.09977794172437335, 0.10940083240710269, 0.08653064316051585, 0.118095297691125, 0.1], [0.1, 0.13402094152578678, 0.0963604841461734, 0.053518432647672844, 0.08456845830702309, 0.1314421571541236, 0.0783150117643283, 0.1242224796446354, 0.1405733606256077, 0.13115599289289845, 0.13654440027135312, 0.12081308442008387, 0.09370707643538632, 0.10133528370945782, 0.1], [0.1, 0.1, 0.1, 0.1, 0.1, 0.1, 0.1, 0.1, 0.1, 0.1, 0.1, 0.1, 0.1, 0.1, 0.1]], "velocity_v": [[0.1, 0.1, 0.1, 0.1, 0.1, 0.1, 0.1, 0.1, 0.1, 0.1, 0.1, 0.1, 0.1, 0.1, 0.1], [0.1, 0.1, 0.1, 0.1, 0.1, 0.1, 0.1, 0.1, 0.1, 0.1, 0.1, 0.1, 0.1, 0.1, 0.1], [0.1, 0.1, 0.1, 0.1, 0.1, 0.1, 0.1, 0.1, 0.1, 0.1, 0.1, 0.1, 0.1, 0.1, 0.1], [0.1, 0.1, 0.1, 0.1, 0.1, 0.1, 0.1, 0.1, 0.1, 0.1, 0.1, 0.1, 0.1, 0.1, 0.1], [0.1, 0.1, 0.1, 0.1, 0.1, 0.1, 0.1, 0.1, 0.1, 0.1, 0.1, 0.1, 0.1, 0.1, 0.1], [0.1, 0.1, 0.1, 0.1, 0.1, 0.1, 0.1, 0.1, 0.1, 0.1, 0.1, 0.1, 0.1, 0.1, 0.1], [0.1, 0.1, 0.1, 0.1, 0.1, 0.1, 0.1, 0.1, 0.1, 0.1, 0.1, 0.1, 0.1, 0.1, 0.1], [0.1, 0.1, 0.1, 0.1, 0.1, 0.1, 0.1, 0.1, 0.1, 0.1, 0.1, 0.1, 0.1, 0.1, 0.1], [0.1, 0.1, 0.1, 0.1, 0.1, 0.1, 0.1, 0.1, 0.1, 0.1, 0.1, 0.1, 0.1, 0.1, 0.1], [0.1, 0.1, 0.1, 0.1, 0.1, 0.1, 0.1, 0.1, 0.1, 0.1, 0.1, 0.1, 0.1, 0.1, 0.1], [0.1, 0.1, 0.1, 0.1, 0.1, 0.1, 0.1, 0.1, 0.1, 0.1, 0.1, 0.1, 0.1, 0.1, 0.1], [0.1, 0.1, 0.1, 0.1, 0.1, 0.1, 0.1, 0.1, 0.1, 0.1, 0.1, 0.1, 0.1, 0.1, 0.1], [0.1, 0.1, 0.1, 0.1, 0.1, 0.1, 0.1, 0.1, 0.1, 0.1, 0.1, 0.1, 0.1, 0.1, 0.1], [0.1, 0.1, 0.1, 0.1, 0.1, 0.1, 0.1, 0.1, 0.1, 0.1, 0.1, 0.1, 0.1, 0.1, 0.1], [0.1, 0.1, 0.1, 0.1, 0.1, 0.1, 0.1, 0.1, 0.1, 0.1, 0.1, 0.1, 0.1, 0.1, 0.1]],