{"generation": 9, "velocity_u": [[0.1, 0.1, 0.1, 0.1, 0.1, 0.1, 0.1, 0.1, 0.1, 0.1, 0.1, 0.1, 0.1, 0.1, 0.1], [0.1, 0.11533598307721044, 0.12262599326058508, 0.11368604355484144, 0.0587923308483789, 0.0803598232773732, 0.09331465442127529, 0.09924171875169392, 0.08617933089473852, 0.09749591154657249, 0.07136256155705291, 0.0912242096377639, 0.10396889068129134, 0.10970255231309702, 0.1], [0.1, 0.07253558417905018, 0.08725478977739239, 0.10649716874820558, 0.08967387531295205, 0.09145586068891184, 0.11011957134310306, 0.12894156469018894, 0.12034341635113578, 0.09518866764241019, 0.08006110821032626, 0.08713934967910976, 0.09565733124511049, 0.07449006349396159, 0.1], [0.1, 0.08787380183104611, 0.09637978211710198, 0.10374990521350985, 0.07228355444442655, 0.10431215172379915, 0.10630098402541666, 0.09728791499070903, 0.10488661670080827, 0.046485951778681436, 0.0928868331845483, 0.08014245405255131, 0.09557303290089539, 0.10048350048122971, 0.1], [0.1, 0.11635320475493667, 0.12272406086673368, 0.10792897897342282, 0.12420218279759455, 0.07885519074996689, 0.1332937908835849, 0.08604073024171616, 0.08278088261023124, 0.11445565023527261, 0.1157224557122098, 0.06898574101495075, 0.1209201018429684, 0.10368548915070518, 0.1], [0.1, 0.1376810231002046, 0.06603842248091037, 0.09996614309814189, 0.09452923434941467, 0.09628791211562843, 0.10230873999207606, 0.13823897192589446, 0.10657718089812103, 0.10472923334679902, 0.07562182150947581, 0.1183815636390266, 0.10788036910820606, 0.08897462904203236, 0.1], [0.1, 0.10281688314944994, 0.1005868938338699, 0.14216387129772295, 0.0699290541931964, 0.08303001206941059, 0.09651326551458382, 0.1171037491875315, 0.11866745288798325, 0.07887635718204582, 0.10209837235801895, 0.06804569962103796, 0.07605128650297964, 0.10356040558909621, 0.1], [0.1, 0.08919064261269458, 0.09580446154273925, 0.09959877935666517, 0.08277674278082789, 0.09633242383170326, 0.1162315208437656, 0.12791225187906455, 0.09449490333686658, 0.09003559626222926, 0.10632833274579646, 0.08977152763938741, 0.11045149612319143, 0.10779878066367073, 0.1], [0.1, 0.11308059836358315, 0.1017737208961647, 0.09702732543972171, 0.08799779891841315, 0.10832252491946004, 0.07378906311818234, 0.10127605305372023, 0.10132969979380031, 0.0938243687313884, 0.1027163914363356, 0.10147914118082876, 0.09239158213391638, 0.10606662373426154, 0.1], [0.1, 0.08545252077147208, 0.08788811896678923, 0.10219107478633388, 0.11694207256869495, 0.12236018123391978, 0.08108559887151186, 0.07899900033760344, 0.08806870875186013, 0.07718875423921816, 0.1008419981249092, 0.0856467166605806, 0.10489893036325518, 0.0998363025988244, 0.1], [0.1, 0.09082081242424121, 0.08028008286267214, 0.1144055849952085, 0.09353762220769934, 0.11862381849357713, 0.10871307159458556, 0.11182196578001358, 0.11509260742915307, 0.11332659092469477, 0.1116311101224285, 0.10026044479771586, 0.13633338552275834, 0.09104083181910204, 0.1], [0.1, 0.09343879879335154, 0.07557948714394601, 0.07027477036144968, 0.1251028489633308, 0.09257837693093181, 0.13675352376260172, 0.10188130036110492, 0.13162801418513645, 0.10598648168122599, 0.09762986685410778, 0.07339223010822377, 0.10940432501213807, 0.10293510143032908, 0.1], [0.1, 0.11527394797691701, 0.10462484305407121, 0.09675938985277757, 0.10787931370580732, 0.09573488352389582, 0.10334815703251145, 0.09554670700987752, 0.10387975971264332, 0.13612131996686597, 0.0961241447292478, 0.09919106377216098, 0.10511583882396511, 0.1243666144606347, 0.1], [0.1, 0.10371560431136949, 0.07769688598425589, 0.07230068304360283, 0.0865854733893818, 0.12000085417452021, 0.07390032738410929, 0.09865330950934478, 0.11319732213977603, 0.09968110798816765, 0.0948318568939856, 0.09786023915384066, 0.09472389869928505, 0.09035896385370147, 0.1], [0.1, 0.1, 0.1, 0.1, 0.1, 0.1, 0.1, 0.1, 0.1, 0.1, 0.1, 0.1, 0.1, 0.1, 0.1]], "velocity_v": [[0.1, 0.1, 0.1, 0.1, 0.1, 0.1, 0.1, 0.1, 0.1, 0.1, 0.1, 0.1, 0.1, 0.1, 0.1], [0.1, 0.1, 0.1, 0.1, 0.1, 0.1, 0.1, 0.1, 0.1, 0.1, 0.1, 0.1, 0.1, 0.1, 0.1], [0.1, 0.1, 0.1, 0.1, 0.1, 0.1, 0.1, 0.1, 0.1, 0.1, 0.1, 0.1, 0.1, 0.1, 0.1], [0.1, 0.1, 0.1, 0.1, 0.1, 0.1, 0.1, 0.1, 0.1, 0.1, 0.1, 0.1, 0.1, 0.1, 0.1], [0.1, 0.1, 0.1, 0.1, 0.1, 0.1, 0.1, 0.1, 0.1, 0.1, 0.1, 0.1, 0.1, 0.1, 0.1], [0.1, 0.1, 0.1, 0.1, 0.1, 0.1, 0.1, 0.1, 0.1, 0.1, 0.1, 0.1, 0.1, 0.1, 0.1], [0.1, 0.1, 0.1, 0.1, 0.1, 0.1, 0.1, 0.1, 0.1, 0.1, 0.1, 0.1, 0.1, 0.1, 0.1], [0.1, 0.1, 0.1, 0.1, 0.1, 0.1, 0.1, 0.1, 0.1, 0.1, 0.1, 0.1, 0.1, 0.1, 0.1], [0.1, 0.1, 0.1, 0.1, 0.1, 0.1, 0.1, 0.1, 0.1, 0.1, 0.1, 0.1, 0.1, 0.1, 0.1], [0.1, 0.1, 0.1, 0.1, 0.1, 0.1, 0.1, 0.1, 0.1, 0.1, 0.1, 0.1, 0.1, 0.1, 0.1], [0.1, 0.1, 0.1, 0.1, 0.1, 0.1, 0.1, 0.1, 0.1, 0.1, 0.1, 0.1, 0.1, 0.1, 0.1], [0.1, 0.1, 0.1, 0.1, 0.1, 0.1, 0.1, 0.1, 0.1, 0.1, 0.1, 0.1, 0.1, 0.1, 0.1], [0.1, 0.1, 0.1, 0.1, 0.1, 0.1, 0.1, 0.1, 0.1, 0.1, 0.1, 0.1, 0.1, 0.1, 0.1], [0.1, 0.1, 0.1, 0.1, 0.1, 0.1, 0.1, 0.1, 0.1, 0.1, 0.1, 0.1, 0.1, 0.1, 0.1], [0.1, 0.1, 0.1, 0.1, 0.1, 0.1, 0.1, 0.1, 0.1, 0.1, 0.1, 0.1, 0.1, 0.1, 0.1]],