{"generation": 14, "velocity_u": [[0.1, 0.1, 0.1, 0.1, 0.1, 0.1, 0.1, 0.1, 0.1, 0.1, 0.1, 0.1, 0.1, 0.1, 0.1], [0.1, 0.10685590406656786, 0.14129363358378752, 0.09685196690868847, 0.06561730819370432, 0.07466015679415956, 0.10753430209939203, 0.0909185038463283, 0.07202897522565528, 0.09215938192536634, 0.05395636904568581, 0.08500716395684538, 0.08795591100362164, 0.10211370481258206, 0.1], [0.1, 0.06647483077126994, 0.10173568088554331, 0.12505381321029965, 0.08186414001845335, 0.07625801958287746, 0.1273209288432681, 0.14670954482815363, 0.11554922789052545, 0.08510064800271039, 0.08420552909311212, 0.10116929616110344, 0.121733405769492, 0.08118167744582899, 0.1], [0.1, 0.06751450483499698, 0.09030717143019888, 0.08518616607222976, 0.05381726069387971, 0.09079482571143102, 0.10022815754543997, 0.12428335230450817, 0.11801591363136588, 0.049883087629953124, 0.06834276246049056, 0.09400058066167895, 0.0896217822246213, 0.10113514058470309, 0.1], [0.1, 0.10601325331117863, 0.13729927713971282, 0.10323319010168827, 0.09238488016795601, 0.07753078691762459, 0.14122497898794698, 0.0686740037508201, 0.0919879905240747, 0.1055281665475924, 0.10727142141809094, 0.06514592145052933, 0.1230243066444919, 0.09056953846447853, 0.1], [0.1, 0.1342110817347486, 0.07193593661310721, 0.07751832983747683, 0.07903045251873625, 0.08315694717971685, 0.11489983803916681, 0.11867888952509255, 0.09954769187856914, 0.11266700354594912, 0.08548338867255262, 0.11863455635668968, 0.1274970862333429, 0.062152991604355314, 0.1], [0.1, 0.12007806695549456, 0.0959054600054386, 0.12407701763834286, 0.06892766093321603, 0.08497847349336371, 0.0841702538406297, 0.14004637675023013, 0.1094576410711982, 0.09998486991716604, 0.09160995937445077, 0.07612781276944304, 0.08291440043143666, 0.09910719164159829, 0.1], [0.1, 0.07570239997671431, 0.0642271164356352, 0.10657893669105765, 0.08935798806801343, 0.08895428982633914, 0.1273385287780489, 0.1322227517641485, 0.10835210653973949, 0.0831004003059552, 0.12772106160091184, 0.10113059864929531, 0.11920388951740721, 0.0981813738233416, 0.1], [0.1, 0.09928911497243138, 0.1010625724723189, 0.09119110762160691, 0.06515683836048237, 0.11557008726091499, 0.07729379359819655, 0.12399822384316952, 0.10876731633841764, 0.09535822763727074, 0.12490767063258768, 0.09471184999606286, 0.07537136333708665, 0.13398568276235104, 0.1], [0.1, 0.09217540180361661, 0.1057610827279943, 0.11702699014037396, 0.11638949114811706, 0.12488484737153176, 0.08453623566927991, 0.09580752460694444, 0.08843576066296478, 0.07102399739683114, 0.09071153839232746, 0.06037579064810517, 0.09041798094839122, 0.11572334081360708, 0.1], [0.1, 0.09303512889442961, 0.10393245049640229, 0.1446692108484279, 0.0958079252688829, 0.10925951480315517, 0.10454361903969432, 0.09943152563014519, 0.09592128085884705, 0.11305057217209824, 0.10490311475327904, 0.11238487376709282, 0.12172752422776521, 0.09127107311348315, 0.1], [0.1, 0.08926888713076814, 0.053452544163978974, 0.08211443130146226, 0.10309983682854208, 0.08328880943513635, 0.14558779461323584, 0.08469896703159718, 0.11193745828333578, 0.10003599239273887, 0.12042188272709009, 0.0779429835273783, 0.07719374196112612, 0.08020535867815475, 0.1], [0.1, 0.11932455897838742, 0.10171530516277354, 0.10816730647637882, 0.11511787398806518, 0.08964164598895319, 0.13260832133662212, 0.10155406269095515, 0.12191760075954546, 0.13994256120877818, 0.10108954381320047, 0.12034185678111554, 0.08870262624769654, 0.11087776308982597, 0.1], [0.1, 0.1296127995271588, 0.08502311642946142, 0.06498243798892775, 0.0889122204752915, 0.13273101403156112, 0.07520783242597504, 0.12657557023722232, 0.1290171559190036, 0.1261824442552652, 0.13066393253656702, 0.10757590506810291, 0.08818705960094414, 0.1067295633618734, 0.1], [0.1, 0.1, 0.1, 0.1, 0.1, 0.1, 0.1, 0.1, 0.1, 0.1, 0.1, 0.1, 0.1, 0.1, 0.1]], "velocity_v": [[0.1, 0.1, 0.1, 0.1, 0.1, 0.1, 0.1, 0.1, 0.1, 0.1, 0.1, 0.1, 0.1, 0.1, 0.1], [0.1, 0.1, 0.1, 0.1, 0.1, 0.1, 0.1, 0.1, 0.1, 0.1, 0.1, 0.1, 0.1, 0.1, 0.1], [0.1, 0.1, 0.1, 0.1, 0.1, 0.1, 0.1, 0.1, 0.1, 0.1, 0.1, 0.1, 0.1, 0.1, 0.1], [0.1, 0.1, 0.1, 0.1, 0.1, 0.1, 0.1, 0.1, 0.1, 0.1, 0.1, 0.1, 0.1, 0.1, 0.1], [0.1, 0.1, 0.1, 0.1, 0.1, 0.1, 0.1, 0.1, 0.1, 0.1, 0.1, 0.1, 0.1, 0.1, 0.1], [0.1, 0.1, 0.1, 0.1, 0.1, 0.1, 0.1, 0.1, 0.1, 0.1, 0.1, 0.1, 0.1, 0.1, 0.1], [0.1, 0.1, 0.1, 0.1, 0.1, 0.1, 0.1, 0.1, 0.1, 0.1, 0.1, 0.1, 0.1, 0.1, 0.1], [0.1, 0.1, 0.1, 0.1, 0.1, 0.1, 0.1, 0.1, 0.1, 0.1, 0.1, 0.1, 0.1, 0.1, 0.1], [0.1, 0.1, 0.1, 0.1, 0.1, 0.1, 0.1, 0.1, 0.1, 0.1, 0.1, 0.1, 0.1, 0.1, 0.1], [0.1, 0.1, 0.1, 0.1, 0.1, 0.1, 0.1, 0.1, 0.1, 0.1, 0.1, 0.1, 0.1, 0.1, 0.1], [0.1, 0.1, 0.1, 0.1, 0.1, 0.1, 0.1, 0.1, 0.1, 0.1, 0.1, 0.1, 0.1, 0.1, 0.1], [0.1, 0.1, 0.1, 0.1, 0.1, 0.1, 0.1, 0.1, 0.1, 0.1, 0.1, 0.1, 0.1, 0.1, 0.1], [0.1, 0.1, 0.1, 0.1, 0.1, 0.1, 0.1, 0.1, 0.1, 0.1, 0.1, 0.1, 0.1, 0.1, 0.1], [0.1, 0.1, 0.1, 0.1, 0.1, 0.1, 0.1, 0.1, 0.1, 0.1, 0.1, 0.1, 0.1, 0.1, 0.1], [0.1, 0.1, 0.1, 0.1, 0.1, 0.1, 0.1, 0.1, 0.1, 0.1, 0.1, 0.1, 0.1, 0.1, 0.1]],