{"generation": 18, "velocity_u": [[0.1, 0.1, 0.1, 0.1, 0.1, 0.1, 0.1, 0.1, 0.1, 0.1, 0.1, 0.1, 0.1, 0.1, 0.1], [0.1, 0.09646801081507447, 0.1325746333288408, 0.061075153079331986, 0.05812897162953665, 0.06740812935466209, 0.09649460838636183, 0.08912820149362329, 0.04280428175559067, 0.10995496575433059, 0.0639308962534132, 0.07523122575195716, 0.07430013317662205, 0.09911525649138794, 0.1], [0.1, 0.06506489779712565, 0.12550131681500867, 0.11583016849945568, 0.058812174200518055, 0.07501399370516908, 0.12743856409752577, 0.12926533257345493, 0.08880125350847574, 0.08800952481394095, 0.07977044431620985, 0.09252214936136728, 0.09982821226982323, 0.07541306962448543, 0.1], [0.1, 0.06250091503097473, 0.06348262756183617, 0.08184371575323565, 0.060523012755454235, 0.07778574033288534, 0.07701491985346881, 0.13447779674543706, 0.12330827884175675, 0.06096349708482944, 0.0833095613923307, 0.09900254250010755, 0.09931232155542911, 0.10298176949994738, 0.1], [0.1, 0.08500028984139685, 0.1488020982259211, 0.11517899316614455, 0.08136222858812842, 0.06619022857496244, 0.12239315776323707, 0.07246223942986306, 0.08124923272181635, 0.07176568989347558, 0.11085421581346729, 0.0796964661750509, 0.11463404708371525, 0.08348166265585741, 0.1], [0.1, 0.13263370259221022, 0.05337180787136454, 0.07344249742608788, 0.09573555505145089, 0.07725998062960736, 0.13530078169226026, 0.11157686016173136, 0.08940974572259318, 0.12458962737342805, 0.09988739265447709, 0.12310436264123, 0.14829189204124435, 0.04347976468149444, 0.1], [0.1, 0.1337940306882393, 0.10832626647382929, 0.1351358850944989, 0.05289938570438385, 0.07181052374798169, 0.08812354888297123, 0.12048164341902434, 0.10839184953105062, 0.11044880027303301, 0.07709390570011168, 0.07323740366661009, 0.10798371518667343, 0.08832648384969514, 0.1], [0.1, 0.08720446664756068, 0.04834959368353521, 0.10866763132217575, 0.07255153563727741, 0.07335216724709413, 0.14957674611662258, 0.14023084026772695, 0.11971479363040108, 0.0806850424834969, 0.10998714488670018, 0.08523910939867826, 0.12083393920907795, 0.08981859766148793, 0.1], [0.1, 0.09152452740867018, 0.09960449407390223, 0.06949158048164779, 0.04799711310480091, 0.1049534952270168, 0.08518107932673394, 0.10650318358168767, 0.1035559476908523, 0.10275424907934619, 0.14567601384565343, 0.08917335492850004, 0.08892964495352002, 0.11806342608937744, 0.1], [0.1, 0.09819452688550903, 0.10983750644143951, 0.09275962149472544, 0.0984322224531447, 0.10777582475700212, 0.07747063333160012, 0.12290104407624126, 0.07662596890741445, 0.06621052906497768, 0.0923283163998859, 0.05395846854368412, 0.060492916666564416, 0.14525298412661194, 0.1], [0.1, 0.09948553774442384, 0.13399197141282884, 0.15866917943824815, 0.12151603213927363, 0.11234386888755185, 0.0868789248723235, 0.10165213019758326, 0.09475623210562567, 0.08430587231949174, 0.1091547360007352, 0.10123657713926654, 0.1337563366875566, 0.09822672922873715, 0.1], [0.1, 0.09453222026892934, 0.052926292689163594, 0.0774967324744529, 0.09901889246175605, 0.07695975267549784, 0.12842292731618066, 0.08776078005746268, 0.11522507946946643, 0.09581617066246104, 0.10583542735148559, 0.07057243097887436, 0.09239243461686596, 0.051235698074135166, 0.1], [0.1, 0.12341495364863335, 0.08788799615157539, 0.11268710790355518, 0.11427833665204307, 0.087782647298986, 0.154154265317888, 0.10895441201510113, 0.13989453237752222, 0.12682749007878652, 0.10376387103184509, 0.099956067502077, 0.0900528236081378, 0.11493600337561977, 0.1], [0.1, 0.12465335425545788, 0.08611117646557588, 0.07047610865053176, 0.08454697108595507, 0.13445583292364818, 0.08345133900524991, 0.12449842137054633, 0.15167269422469362, 0.11856016280098214, 0.1392705116766948, 0.12315947422303368, 0.08497033941892741, 0.09438724590628217, 0.1], [0.1, 0.1, 0.1, 0.1, 0.1, 0.1, 0.1, 0.1, 0.1, 0.1, 0.1, 0.1, 0.1, 0.1, 0.1]], "velocity_v": [[0.1, 0.1, 0.1, 0.1, 0.1, 0.1, 0.1, 0.1, 0.1, 0.1, 0.1, 0.1, 0.1, 0.1, 0.1], [0.1, 0.1, 0.1, 0.1, 0.1, 0.1, 0.1, 0.1, 0.1, 0.1, 0.1, 0.1, 0.1, 0.1, 0.1], [0.1, 0.1, 0.1, 0.1, 0.1, 0.1, 0.1, 0.1, 0.1, 0.1, 0.1, 0.1, 0.1, 0.1, 0.1], [0.1, 0.1, 0.1, 0.1, 0.1, 0.1, 0.1, 0.1, 0.1, 0.1, 0.1, 0.1, 0.1, 0.1, 0.1], [0.1, 0.1, 0.1, 0.1, 0.1, 0.1, 0.1, 0.1, 0.1, 0.1, 0.1, 0.1, 0.1, 0.1, 0.1], [0.1, 0.1, 0.1, 0.1, 0.1, 0.1, 0.1, 0.1, 0.1, 0.1, 0.1, 0.1, 0.1, 0.1, 0.1], [0.1, 0.1, 0.1, 0.1, 0.1, 0.1, 0.1, 0.1, 0.1, 0.1, 0.1, 0.1, 0.1, 0.1, 0.1], [0.1, 0.1, 0.1, 0.1, 0.1, 0.1, 0.1, 0.1, 0.1, 0.1, 0.1, 0.1, 0.1, 0.1, 0.1], [0.1, 0.1, 0.1, 0.1, 0.1, 0.1, 0.1, 0.1, 0.1, 0.1, 0.1, 0.1, 0.1, 0.1, 0.1], [0.1, 0.1, 0.1, 0.1, 0.1, 0.1, 0.1, 0.1, 0.1, 0.1, 0.1, 0.1, 0.1, 0.1, 0.1], [0.1, 0.1, 0.1, 0.1, 0.1, 0.1, 0.1, 0.1, 0.1, 0.1, 0.1, 0.1, 0.1, 0.1, 0.1], [0.1, 0.1, 0.1, 0.1, 0.1, 0.1, 0.1, 0.1, 0.1, 0.1, 0.1, 0.1, 0.1, 0.1, 0.1], [0.1, 0.1, 0.1, 0.1, 0.1, 0.1, 0.1, 0.1, 0.1, 0.1, 0.1, 0.1, 0.1, 0.1, 0.1], [0.1, 0.1, 0.1, 0.1, 0.1, 0.1, 0.1, 0.1, 0.1, 0.1, 0.1, 0.1, 0.1, 0.1, 0.1], [0.1, 0.1, 0.1, 0.1, 0.1, 0.1, 0.1, 0.1, 0.1, 0.1, 0.1, 0.1, 0.1, 0.1, 0.1]],