{"generation": 26, "velocity_u": [[0.1, 0.1, 0.1, 0.1, 0.1, 0.1, 0.1, 0.1, 0.1, 0.1, 0.1, 0.1, 0.1, 0.1, 0.1], [0.1, 0.12334239863085301, 0.11494347720729384, 0.04893992684437232, 0.06720168794969476, 0.0681505427700275, 0.08660018940108209, 0.09148708022543396, 0.03228690268276164, 0.08111256621601955, 0.07524184671130098, 0.07468002503882859, 0.0770802396055222, 0.11312245197961353, 0.1], [0.1, 0.06517127315688968, 0.16042531763255619, 0.11241386807600372, 0.09894385807444836, 0.07241303352190548, 0.1238201940688818, 0.09908294159037552, 0.0679857617485008, 0.10387835921857766, 0.057968365863384816, 0.115557566224837, 0.0995898389843502, 0.11566350973314547, 0.1], [0.1, 0.063837054583148, 0.055045060202199486, 0.07962292215607186, 0.07553041326779047, 0.05507561206310037, 0.07397938910646384, 0.17395463511894965, 0.15142762276289035, 0.06276634132491311, 0.07514434775617782, 0.09816215639124418, 0.12230051323775785, 0.08655183881999949, 0.1], [0.1, 0.0836237279719047, 0.12165047330555519, 0.12115009464470748, 0.07710627780914048, 0.06004993364132305, 0.09191020907497319, 0.06006735018824344, 0.12630833985592546, 0.04172672799504048, 0.12008663850382903, 0.0630898239357543, 0.11195557030625945, 0.10318561310966542, 0.1], [0.1, 0.10174096443154361, 0.08174263912301072, 0.07076805363264421, 0.1265607576198243, 0.08862014783271811, 0.15022184509721198, 0.10595305578022007, 0.09458880577631841, 0.07988070498094149, 0.0834138309879225, 0.11587512049389152, 0.15436694785054, 0.0469018611383422, 0.1], [0.1, 0.16743924283317962, 0.12172310082226717, 0.08592934131683978, 0.034278738913091925, 0.06964191551676054, 0.08022499833471523, 0.0908612510703309, 0.10142167746342533, 0.1346290162823534, 0.07921573615935913, 0.08227248697226502, 0.15758207743861166, 0.08968167346113548, 0.1], [0.1, 0.11835760354478325, 0.04087822628226999, 0.11884621892105401, 0.07988842569279779, 0.036366867358755474, 0.14567998067064764, 0.1518571224701112, 0.10754136803428346, 0.0791575191467153, 0.07746415060058018, 0.08523107987824978, 0.1185249896409771, 0.1101934393299139, 0.1], [0.1, 0.10755365990049295, 0.0571416413036669, 0.05267072208771622, 0.04230665553368431, 0.09954748025359425, 0.10538910863129257, 0.12773837327100096, 0.1319507862696918, 0.1073403601513037, 0.14753745094833778, 0.09241448403155027, 0.12835839894484874, 0.07767310376292984, 0.1], [0.1, 0.10363197861487523, 0.08965365092803022, 0.0848114656305327, 0.08440053819648997, 0.08266525089700347, 0.0729774858766134, 0.14448984315106334, 0.08671999305223627, 0.05787618181271391, 0.11468912788922134, 0.045498656767510436, 0.06418867681043311, 0.09376561184668401, 0.1], [0.1, 0.10684971995650322, 0.1564195227136412, 0.15531851234986602, 0.10781615863759256, 0.13808602886281982, 0.07023716057622154, 0.12274153664535321, 0.10178848616099377, 0.0845106800659162, 0.11911426151416113, 0.08566039962649537, 0.09798492731561936, 0.12748506539486282, 0.1], [0.1, 0.06864000106765923, 0.09148387659940982, 0.09378652423738199, 0.09274413616291072, 0.10277199122985689, 0.08589416765165603, 0.08390106455581378, 0.10513535422040511, 0.08279088112241638, 0.10117528063757447, 0.09178586774238116, 0.07202372412827053, 0.054634152338000216, 0.1], [0.1, 0.09032602863215489, 0.11587459048690485, 0.09044225234994019, 0.11391108137128535, 0.07054847057482387, 0.16182175241037525, 0.12759288512609876, 0.11768985277820493, 0.10579522996819793, 0.08735289607548391, 0.07868300982684757, 0.09982814908959459, 0.12617340955498646, 0.1], [0.1, 0.11558356494746608, 0.08416382627834193, 0.06243175740569139, 0.09889644979569864, 0.13448335996315136, 0.10783439124042454, 0.11041468733693086, 0.16825362517347664, 0.13556077612817455, 0.10805996193167106, 0.11649472598224049, 0.09297415175921908, 0.07224912720085888, 0.1], [0.1, 0.1, 0.1, 0.1, 0.1, 0.1, 0.1, 0.1, 0.1, 0.1, 0.1, 0.1, 0.1, 0.1, 0.1]], "velocity_v": [[0.1, 0.1, 0.1, 0.1, 0.1, 0.1, 0.1, 0.1, 0.1, 0.1, 0.1, 0.1, 0.1, 0.1, 0.1], [0.1, 0.1, 0.1, 0.1, 0.1, 0.1, 0.1, 0.1, 0.1, 0.1, 0.1, 0.1, 0.1, 0.1, 0.1], [0.1, 0.1, 0.1, 0.1, 0.1, 0.1, 0.1, 0.1, 0.1, 0.1, 0.1, 0.1, 0.1, 0.1, 0.1], [0.1, 0.1, 0.1, 0.1, 0.1, 0.1, 0.1, 0.1, 0.1, 0.1, 0.1, 0.1, 0.1, 0.1, 0.1], [0.1, 0.1, 0.1, 0.1, 0.1, 0.1, 0.1, 0.1, 0.1, 0.1, 0.1, 0.1, 0.1, 0.1, 0.1], [0.1, 0.1, 0.1, 0.1, 0.1, 0.1, 0.1, 0.1, 0.1, 0.1, 0.1, 0.1, 0.1, 0.1, 0.1], [0.1, 0.1, 0.1, 0.1, 0.1, 0.1, 0.1, 0.1, 0.1, 0.1, 0.1, 0.1, 0.1, 0.1, 0.1], [0.1, 0.1, 0.1, 0.1, 0.1, 0.1, 0.1, 0.1, 0.1, 0.1, 0.1, 0.1, 0.1, 0.1, 0.1], [0.1, 0.1, 0.1, 0.1, 0.1, 0.1, 0.1, 0.1, 0.1, 0.1, 0.1, 0.1, 0.1, 0.1, 0.1], [0.1, 0.1, 0.1, 0.1, 0.1, 0.1, 0.1, 0.1, 0.1, 0.1, 0.1, 0.1, 0.1, 0.1, 0.1], [0.1, 0.1, 0.1, 0.1, 0.1, 0.1, 0.1, 0.1, 0.1, 0.1, 0.1, 0.1, 0.1, 0.1, 0.1], [0.1, 0.1, 0.1, 0.1, 0.1, 0.1, 0.1, 0.1, 0.1, 0.1, 0.1, 0.1, 0.1, 0.1, 0.1], [0.1, 0.1, 0.1, 0.1, 0.1, 0.1, 0.1, 0.1, 0.1, 0.1, 0.1, 0.1, 0.1, 0.1, 0.1], [0.1, 0.1, 0.1, 0.1, 0.1, 0.1, 0.1, 0.1, 0.1, 0.1, 0.1, 0.1, 0.1, 0.1, 0.1], [0.1, 0.1, 0.1, 0.1, 0.1, 0.1, 0.1, 0.1, 0.1, 0.1, 0.1, 0.1, 0.1, 0.1, 0.1]],