{"generation": 35, "velocity_u": [[0.1, 0.1, 0.1, 0.1, 0.1, 0.1, 0.1, 0.1, 0.1, 0.1, 0.1, 0.1, 0.1, 0.1, 0.1], [0.1, 0.09850814424025568, 0.0813952724254674, 0.06465143066110302, 0.05581650929879119, 0.11014587485001996, 0.07149695773266529, 0.08954233933425793, 0.05552055263333835, 0.05536520665593375, 0.11135286157340568, 0.062357535046823384, 0.04954216729896168, 0.09980718686449525, 0.1], [0.1, 0.09526282502457661, 0.20284112682743802, 0.09569377951237733, 0.09575483357638709, 0.12156521272831104, 0.11955110236507122, 0.060438811386906675, 0.04778730066699601, 0.1079263089570535, 0.08088015399432467, 0.08561177888635069, 0.08296101454157348, 0.13825775721863393, 0.1], [0.1, 0.06895297803192177, 0.0798197075100281, 0.0407166533005749, 0.0740229880885741, 0.06386947204659976, 0.07899324064343602, 0.18741855068817695, 0.11098186378535854, 0.0685330605924519, 0.03489447248695361, 0.13030075927389764, 0.0983594761052199, 0.09027223154562562, 0.1], [0.1, 0.07602526982287229, 0.10262104614663448, 0.12946901781070144, 0.05593430900059193, 0.05627046886870213, 0.06891716489210165, 0.09611425082160277, 0.17606909501783757, 0.051488462533095414, 0.11422206929967481, 0.07302491410013202, 0.1185983934465593, 0.11151059309220408, 0.1], [0.1, 0.07192205987025563, 0.10541215618105905, 0.11504764921011319, 0.1414556317803532, 0.09302512139949008, 0.14976957425239995, 0.08371372897704546, 0.08462228211976033, 0.06582895824808, 0.11490429270232934, 0.08601292203536212, 0.13630401525460814, 0.0610664272923303, 0.1], [0.1, 0.13589566093048988, 0.17210019620006306, 0.07759677657442235, 0.07255041242735623, 0.09246027775593879, 0.07928727664243719, 0.07272967246179364, 0.11160992957262386, 0.12835973132946335, 0.07487463838918956, 0.07142605769029407, 0.18525147457470187, 0.0700670917327134, 0.1], [0.1, 0.1465746910273191, 0.06411837344523309, 0.11314864831395305, 0.06814808954207226, 0.03436846387401164, 0.13443699096018513, 0.12766456670299342, 0.08881657330362584, 0.07672507134308748, 0.05388597111680861, 0.09142278109674673, 0.14297338587489083, 0.08263448065810536, 0.1], [0.1, 0.10724826256742609, 0.04308866578701408, 0.037933234511811895, 0.03618346203071514, 0.0912305669502029, 0.12703856666454028, 0.12167372500248716, 0.1716470918584984, 0.13615342050980347, 0.13642250386951643, 0.09479329937584352, 0.20145876940142177, 0.08406858491768215, 0.1], [0.1, 0.11429123303439181, 0.058300600784088864, 0.04665401486930528, 0.04045610283689993, 0.04487729760054616, 0.06887700663473842, 0.12027941747219037, 0.10648210624771058, 0.04752693530859399, 0.12512303036316286, 0.057887490311119, 0.056730965009735124, 0.06834779414531376, 0.1], [0.1, 0.14785950637389686, 0.13838918149389845, 0.10747931161663213, 0.10386911480426894, 0.106490618280706, 0.05108437727374955, 0.18363884706194727, 0.10768854116900886, 0.061709803584247505, 0.11065040191987598, 0.09347283107731232, 0.08965775306497183, 0.17606516905457106, 0.1], [0.1, 0.06058528753900326, 0.10584318811218896, 0.11618712018297714, 0.10040544607456811, 0.1307325699827616, 0.06575137603213249, 0.07901311170303174, 0.1091922479147935, 0.04964935302832631, 0.12273579029334283, 0.09429468065923938, 0.08080825864167546, 0.0555552414574568, 0.1], [0.1, 0.07506012265832795, 0.10773578853412086, 0.09521203625202072, 0.10963486886282232, 0.05698658437229946, 0.11169518577363494, 0.10489516951392401, 0.07388884179852676, 0.09442486928187072, 0.11924893044157656, 0.047520124867241435, 0.0850047320982408, 0.08730874409767554, 0.1], [0.1, 0.1261494249585376, 0.09806661810729522, 0.04475804024150707, 0.0686174689596211, 0.1595140134859535, 0.1470549854975558, 0.13852994114667497, 0.15321584883610617, 0.1415518701449963, 0.1050986896977106, 0.11837145100310698, 0.11513519119425311, 0.08017679800785406, 0.1], [0.1, 0.1, 0.1, 0.1, 0.1, 0.1, 0.1, 0.1, 0.1, 0.1, 0.1, 0.1, 0.1, 0.1, 0.1]], "velocity_v": [[0.1, 0.1, 0.1, 0.1, 0.1, 0.1, 0.1, 0.1, 0.1, 0.1, 0.1, 0.1, 0.1, 0.1, 0.1], [0.1, 0.1, 0.1, 0.1, 0.1, 0.1, 0.1, 0.1, 0.1, 0.1, 0.1, 0.1, 0.1, 0.1, 0.1], [0.1, 0.1, 0.1, 0.1, 0.1, 0.1, 0.1, 0.1, 0.1, 0.1, 0.1, 0.1, 0.1, 0.1, 0.1], [0.1, 0.1, 0.1, 0.1, 0.1, 0.1, 0.1, 0.1, 0.1, 0.1, 0.1, 0.1, 0.1, 0.1, 0.1], [0.1, 0.1, 0.1, 0.1, 0.1, 0.1, 0.1, 0.1, 0.1, 0.1, 0.1, 0.1, 0.1, 0.1, 0.1], [0.1, 0.1, 0.1, 0.1, 0.1, 0.1, 0.1, 0.1, 0.1, 0.1, 0.1, 0.1, 0.1, 0.1, 0.1], [0.1, 0.1, 0.1, 0.1, 0.1, 0.1, 0.1, 0.1, 0.1, 0.1, 0.1, 0.1, 0.1, 0.1, 0.1], [0.1, 0.1, 0.1, 0.1, 0.1, 0.1, 0.1, 0.1, 0.1, 0.1, 0.1, 0.1, 0.1, 0.1, 0.1], [0.1, 0.1, 0.1, 0.1, 0.1, 0.1, 0.1, 0.1, 0.1, 0.1, 0.1, 0.1, 0.1, 0.1, 0.1], [0.1, 0.1, 0.1, 0.1, 0.1, 0.1, 0.1, 0.1, 0.1, 0.1, 0.1, 0.1, 0.1, 0.1, 0.1], [0.1, 0.1, 0.1, 0.1, 0.1, 0.1, 0.1, 0.1, 0.1, 0.1, 0.1, 0.1, 0.1, 0.1, 0.1], [0.1, 0.1, 0.1, 0.1, 0.1, 0.1, 0.1, 0.1, 0.1, 0.1, 0.1, 0.1, 0.1, 0.1, 0.1], [0.1, 0.1, 0.1, 0.1, 0.1, 0.1, 0.1, 0.1, 0.1, 0.1, 0.1, 0.1, 0.1, 0.1, 0.1], [0.1, 0.1, 0.1, 0.1, 0.1, 0.1, 0.1, 0.1, 0.1, 0.1, 0.1, 0.1, 0.1, 0.1, 0.1], [0.1, 0.1, 0.1, 0.1, 0.1, 0.1, 0.1, 0.1, 0.1, 0.1, 0.1, 0.1, 0.1, 0.1, 0.1]],