{"generation": 24, "velocity_u": [[0.1, 0.1, 0.1, 0.1, 0.1, 0.1, 0.1, 0.1, 0.1, 0.1, 0.1, 0.1, 0.1, 0.1, 0.1], [0.1, 0.10135673714198382, 0.12484492813194685, 0.06377738819040416, 0.06345096085602933, 0.07774561493365753, 0.07890971963059659, 0.09072047500458774, 0.04281544190094572, 0.08520095578136883, 0.07270012106787588, 0.08751384490820832, 0.08293654975959634, 0.12518359111548244, 0.1], [0.1, 0.07442919806605314, 0.14280984953086256, 0.1296300165943801, 0.08991731508801709, 0.08031310763061862, 0.11075938151299598, 0.10615636346472092, 0.07419466078904012, 0.10893899883640931, 0.07190027212032676, 0.10231339396154711, 0.11046838693509739, 0.09791160783738696, 0.1], [0.1, 0.07244648410684038, 0.058863335275874604, 0.06909140021493503, 0.06713702974420681, 0.06227569439138228, 0.06966447172988924, 0.16615798780680216, 0.1469292442080568, 0.06084090063663205, 0.07605745922171686, 0.08879618935950315, 0.1265468190145, 0.09276221878354514, 0.1], [0.1, 0.09235173133362895, 0.13763775734168282, 0.11746829051001503, 0.07636322080936905, 0.06854283241702905, 0.0807437673652705, 0.06228521023675329, 0.11713890146338869, 0.04650063822402782, 0.1263901504170338, 0.07091757414235243, 0.10736653433975972, 0.10164367382351178, 0.1], [0.1, 0.11090400778237515, 0.0762033182981034, 0.07020073428605561, 0.1215282976158427, 0.08827580656115487, 0.14508976777306934, 0.09793673968917797, 0.08987683527904258, 0.09523639827910181, 0.09392855203539699, 0.10108002959563168, 0.15999783496482353, 0.04358694071334817, 0.1], [0.1, 0.1547748632604938, 0.1263304050606721, 0.09915370675451064, 0.034880763271295294, 0.06485620773911843, 0.07825299551814273, 0.0887964069684337, 0.10635950596746191, 0.1210518271145125, 0.07660872925595297, 0.07857158100322023, 0.15433252203387693, 0.09533684745210681, 0.1], [0.1, 0.12376797295569192, 0.04465913801287098, 0.11588624768896025, 0.08477423296900136, 0.057252103349901974, 0.1459727721944601, 0.15911358387281258, 0.10719569158973073, 0.0803599602872624, 0.09169345138582831, 0.08897188709470559, 0.1235566983753515, 0.09356569617601633, 0.1], [0.1, 0.09049649704555314, 0.05574595627638253, 0.050104052381858756, 0.03904677006180016, 0.10005735331667427, 0.09231332829620241, 0.1273395286463959, 0.11929425413490267, 0.09800446580445678, 0.14803353495537502, 0.08850629386617646, 0.12297744310360426, 0.08290392292763117, 0.1], [0.1, 0.10119481320406429, 0.11002579504089574, 0.0906157518282655, 0.07154361580369431, 0.08360965022731379, 0.07388703755054121, 0.13725552252667633, 0.07348306597965158, 0.06744673363927853, 0.10536528089160271, 0.04703069806795764, 0.06856005487266356, 0.11005621543307893, 0.1], [0.1, 0.10226809727325877, 0.15779666773732282, 0.1552481696180524, 0.12386394471432699, 0.13964516247461012, 0.08256593467220613, 0.11244021253032528, 0.08698006165354336, 0.08914864603931173, 0.11014682547478316, 0.08817374218493003, 0.09955283979007207, 0.11494847929242787, 0.1], [0.1, 0.07970150723069971, 0.08871923542831289, 0.08910309236149905, 0.080996577883088, 0.09265172387932145, 0.09405763279525318, 0.09333853266752276, 0.10812561018658393, 0.08400389980070723, 0.10668523839728179, 0.08068878737434987, 0.07271450304636067, 0.04534596225241901, 0.1], [0.1, 0.10961463575244304, 0.1073691798629824, 0.09590367799978274, 0.11487784562281976, 0.0801990252198808, 0.1805865311812647, 0.11460113964738333, 0.11342694230129068, 0.11270689312965947, 0.09128272111796701, 0.0800248004738261, 0.10500495836136509, 0.12532980164259547, 0.1], [0.1, 0.12304666612934854, 0.07096679614392166, 0.057156993746743774, 0.08506757273708927, 0.15233131632828428, 0.09714563135694004, 0.12093946016729762, 0.1569454698409426, 0.1342817120337282, 0.11982477567365515, 0.12044184094401336, 0.08543102509060442, 0.07772129789107121, 0.1], [0.1, 0.1, 0.1, 0.1, 0.1, 0.1, 0.1, 0.1, 0.1, 0.1, 0.1, 0.1, 0.1, 0.1, 0.1]], "velocity_v": [[0.1, 0.1, 0.1, 0.1, 0.1, 0.1, 0.1, 0.1, 0.1, 0.1, 0.1, 0.1, 0.1, 0.1, 0.1], [0.1, 0.1, 0.1, 0.1, 0.1, 0.1, 0.1, 0.1, 0.1, 0.1, 0.1, 0.1, 0.1, 0.1, 0.1], [0.1, 0.1, 0.1, 0.1, 0.1, 0.1, 0.1, 0.1, 0.1, 0.1, 0.1, 0.1, 0.1, 0.1, 0.1], [0.1, 0.1, 0.1, 0.1, 0.1, 0.1, 0.1, 0.1, 0.1, 0.1, 0.1, 0.1, 0.1, 0.1, 0.1], [0.1, 0.1, 0.1, 0.1, 0.1, 0.1, 0.1, 0.1, 0.1, 0.1, 0.1, 0.1, 0.1, 0.1, 0.1], [0.1, 0.1, 0.1, 0.1, 0.1, 0.1, 0.1, 0.1, 0.1, 0.1, 0.1, 0.1, 0.1, 0.1, 0.1], [0.1, 0.1, 0.1, 0.1, 0.1, 0.1, 0.1, 0.1, 0.1, 0.1, 0.1, 0.1, 0.1, 0.1, 0.1], [0.1, 0.1, 0.1, 0.1, 0.1, 0.1, 0.1, 0.1, 0.1, 0.1, 0.1, 0.1, 0.1, 0.1, 0.1], [0.1, 0.1, 0.1, 0.1, 0.1, 0.1, 0.1, 0.1, 0.1, 0.1, 0.1, 0.1, 0.1, 0.1, 0.1], [0.1, 0.1, 0.1, 0.1, 0.1, 0.1, 0.1, 0.1, 0.1, 0.1, 0.1, 0.1, 0.1, 0.1, 0.1], [0.1, 0.1, 0.1, 0.1, 0.1, 0.1, 0.1, 0.1, 0.1, 0.1, 0.1, 0.1, 0.1, 0.1, 0.1], [0.1, 0.1, 0.1, 0.1, 0.1, 0.1, 0.1, 0.1, 0.1, 0.1, 0.1, 0.1, 0.1, 0.1, 0.1], [0.1, 0.1, 0.1, 0.1, 0.1, 0.1, 0.1, 0.1, 0.1, 0.1, 0.1, 0.1, 0.1, 0.1, 0.1], [0.1, 0.1, 0.1, 0.1, 0.1, 0.1, 0.1, 0.1, 0.1, 0.1, 0.1, 0.1, 0.1, 0.1, 0.1], [0.1, 0.1, 0.1, 0.1, 0.1, 0.1, 0.1, 0.1, 0.1, 0.1, 0.1, 0.1, 0.1, 0.1, 0.1]],