{"generation": 19, "velocity_u": [[0.1, 0.1, 0.1, 0.1, 0.1, 0.1, 0.1, 0.1, 0.1, 0.1, 0.1, 0.1, 0.1, 0.1, 0.1], [0.1, 0.09226255470469716, 0.1401224294495759, 0.059236562185216626, 0.05002368580974805, 0.07601661084887584, 0.09095881199081213, 0.0898073579198619, 0.04561418389481498, 0.10952713860718524, 0.06933897478063422, 0.06990287978933318, 0.08150257475064927, 0.09868433257736431, 0.1], [0.1, 0.06677698347136485, 0.12036495948395966, 0.11324520267120947, 0.06405213343359549, 0.07754101112591909, 0.1194867873109694, 0.11997421640803173, 0.0869636633619792, 0.09210660775027738, 0.07524322871664582, 0.08541718869101422, 0.1080586827672517, 0.06951754252204043, 0.1], [0.1, 0.06539155242694077, 0.07078963306822324, 0.07378344934901158, 0.06833481104370243, 0.07365463026698894, 0.06834759164275761, 0.13858227169703483, 0.13177722540149334, 0.06407394066245772, 0.08545729301333453, 0.09522869669787268, 0.10151606854810277, 0.1002054003352606, 0.1], [0.1, 0.08654192900166774, 0.15268876701232387, 0.117295736291383, 0.07269023938159573, 0.07289574284090088, 0.11207223811527314, 0.07157448193426993, 0.08323541630732176, 0.06880123252379955, 0.10477798815116289, 0.0847074665034852, 0.10751213838478041, 0.09250374439772671, 0.1], [0.1, 0.12240214417572097, 0.06273339995222159, 0.07457018038598684, 0.10422192492467096, 0.07512989884107094, 0.13242437402595195, 0.11128078958202305, 0.09361487589267752, 0.11813809542146567, 0.10167818846628798, 0.11677406779174875, 0.1574461520947165, 0.04004104638385324, 0.1], [0.1, 0.13832960754677423, 0.11250351974984212, 0.12302272228592064, 0.046128672620403224, 0.0635772630634272, 0.09585287528796656, 0.10941721086472622, 0.1127809791844527, 0.11526090474057447, 0.07450824896260633, 0.06946138221088255, 0.11628178512542163, 0.08232322181502351, 0.1], [0.1, 0.08577456290226461, 0.04504014798553081, 0.11991918512388973, 0.0813454901810089, 0.07748363992567742, 0.1583931721381469, 0.14748529183311432, 0.11212395546387423, 0.07323684557493082, 0.10191581566946253, 0.0844661560838214, 0.12021738182284204, 0.09497364279872006, 0.1], [0.1, 0.08403459871366778, 0.09120160978895567, 0.074180073213838, 0.042115400986290595, 0.10934104553386075, 0.0869631612449348, 0.09895008988749754, 0.1044888713453559, 0.10584813681516667, 0.152734927806886, 0.09831653429365417, 0.0973694393296396, 0.10495190034564873, 0.1], [0.1, 0.0994143489319175, 0.11788745618471194, 0.09470773353300295, 0.10304547930690376, 0.10349542847399816, 0.06985790262474062, 0.11348353515006424, 0.06794144259112181, 0.06975510826427894, 0.0928435671076124, 0.044531398717661784, 0.058782359311160985, 0.13923923032526572, 0.1], [0.1, 0.09342316732240362, 0.1420341513119022, 0.15606003274328437, 0.1186254973628817, 0.12315826929358227, 0.09344059407339347, 0.10257187055693322, 0.08555699966687395, 0.0789447551665632, 0.0994529734940554, 0.09117775126129929, 0.12406259602351936, 0.09480239801487542, 0.1], [0.1, 0.09114226042554971, 0.06380108278452007, 0.08115938137123949, 0.09840302069617736, 0.08693575085822611, 0.12793991513528286, 0.08247096833311487, 0.10821671115453685, 0.103688451097365, 0.11091580462383555, 0.07612322524937684, 0.08615671594304601, 0.04844606550915067, 0.1], [0.1, 0.12258833241490692, 0.09296749507459341, 0.10685189216103602, 0.11419564576758466, 0.08607777339911359, 0.15744173152920624, 0.10754070842142223, 0.12854725035213793, 0.12034378875130879, 0.10632966578459305, 0.09584145076619746, 0.09414193973719644, 0.11539734440202534, 0.1], [0.1, 0.126408602200295, 0.07929700471535665, 0.06557491078717, 0.08152970600569354, 0.13142507352615426, 0.08279755354810046, 0.11963121202953861, 0.15950543708002318, 0.12425518907157956, 0.14078463262744598, 0.12261574045333437, 0.07914689915233002, 0.09034981633805751, 0.1], [0.1, 0.1, 0.1, 0.1, 0.1, 0.1, 0.1, 0.1, 0.1, 0.1, 0.1, 0.1, 0.1, 0.1, 0.1]], "velocity_v": [[0.1, 0.1, 0.1, 0.1, 0.1, 0.1, 0.1, 0.1, 0.1, 0.1, 0.1, 0.1, 0.1, 0.1, 0.1], [0.1, 0.1, 0.1, 0.1, 0.1, 0.1, 0.1, 0.1, 0.1, 0.1, 0.1, 0.1, 0.1, 0.1, 0.1], [0.1, 0.1, 0.1, 0.1, 0.1, 0.1, 0.1, 0.1, 0.1, 0.1, 0.1, 0.1, 0.1, 0.1, 0.1], [0.1, 0.1, 0.1, 0.1, 0.1, 0.1, 0.1, 0.1, 0.1, 0.1, 0.1, 0.1, 0.1, 0.1, 0.1], [0.1, 0.1, 0.1, 0.1, 0.1, 0.1, 0.1, 0.1, 0.1, 0.1, 0.1, 0.1, 0.1, 0.1, 0.1], [0.1, 0.1, 0.1, 0.1, 0.1, 0.1, 0.1, 0.1, 0.1, 0.1, 0.1, 0.1, 0.1, 0.1, 0.1], [0.1, 0.1, 0.1, 0.1, 0.1, 0.1, 0.1, 0.1, 0.1, 0.1, 0.1, 0.1, 0.1, 0.1, 0.1], [0.1, 0.1, 0.1, 0.1, 0.1, 0.1, 0.1, 0.1, 0.1, 0.1, 0.1, 0.1, 0.1, 0.1, 0.1], [0.1, 0.1, 0.1, 0.1, 0.1, 0.1, 0.1, 0.1, 0.1, 0.1, 0.1, 0.1, 0.1, 0.1, 0.1], [0.1, 0.1, 0.1, 0.1, 0.1, 0.1, 0.1, 0.1, 0.1, 0.1, 0.1, 0.1, 0.1, 0.1, 0.1], [0.1, 0.1, 0.1, 0.1, 0.1, 0.1, 0.1, 0.1, 0.1, 0.1, 0.1, 0.1, 0.1, 0.1, 0.1], [0.1, 0.1, 0.1, 0.1, 0.1, 0.1, 0.1, 0.1, 0.1, 0.1, 0.1, 0.1, 0.1, 0.1, 0.1], [0.1, 0.1, 0.1, 0.1, 0.1, 0.1, 0.1, 0.1, 0.1, 0.1, 0.1, 0.1, 0.1, 0.1, 0.1], [0.1, 0.1, 0.1, 0.1, 0.1, 0.1, 0.1, 0.1, 0.1, 0.1, 0.1, 0.1, 0.1, 0.1, 0.1], [0.1, 0.1, 0.1, 0.1, 0.1, 0.1, 0.1, 0.1, 0.1, 0.1, 0.1, 0.1, 0.1, 0.1, 0.1]],