{"generation": 25, "velocity_u": [[0.1, 0.1, 0.1, 0.1, 0.1, 0.1, 0.1, 0.1, 0.1, 0.1, 0.1, 0.1, 0.1, 0.1, 0.1], [0.1, 0.11261950256726562, 0.11900167474486752, 0.05804702683029009, 0.06854116704056347, 0.06924763501544975, 0.08537019036720174, 0.08993181970812056, 0.04151259683563653, 0.08537287392651363, 0.07097228553319103, 0.07828716092434176, 0.0864560724130992, 0.12331405868406621, 0.1], [0.1, 0.06985695498523113, 0.15144469586799553, 0.12046877541680415, 0.09604758557440884, 0.0770830911457828, 0.1174525375535943, 0.0940633774887784, 0.06425440561008629, 0.10357653768787778, 0.06294836861659071, 0.10897197166591274, 0.1052237893813696, 0.10657015186924634, 0.1], [0.1, 0.07106528523313878, 0.05081877211911061, 0.07433937378241247, 0.07169658164997157, 0.06247329670738394, 0.07062829431399707, 0.16286398253147583, 0.1499151660008841, 0.0679945897618714, 0.080392595680407, 0.08951219957329923, 0.1296477962274661, 0.08513131700651064, 0.1], [0.1, 0.08926824870574142, 0.13166204149868793, 0.11524366500428322, 0.0741035360937842, 0.06452007008551325, 0.08639555086533546, 0.06749531826211518, 0.12145069621442886, 0.05091649367136099, 0.12022093215984753, 0.06744010503796968, 0.11133770374915997, 0.10570365676963508, 0.1], [0.1, 0.10709197152531642, 0.07918962519878477, 0.06607321288310537, 0.11966482692429155, 0.0937669004168021, 0.15379230788811268, 0.10472360858344164, 0.08405484997254682, 0.08632493927734532, 0.08701713998720262, 0.10766397349760728, 0.15186576491534687, 0.0513804295980612, 0.1], [0.1, 0.16285428725338918, 0.12896610966439134, 0.09628740316642373, 0.038757530793135646, 0.06883380511787546, 0.08438541701633483, 0.08772197407447277, 0.10400791160259835, 0.1316274558097612, 0.07536192288094797, 0.07989707865529003, 0.15825228779714753, 0.10113099849040429, 0.1], [0.1, 0.12012249155436214, 0.04641429177171948, 0.12148954897326758, 0.086922684976493, 0.0472146541719491, 0.1398375486310741, 0.1643857608820775, 0.11113428315388221, 0.08031588144818626, 0.08459747043516468, 0.08509205455329749, 0.1217689264093482, 0.1004677420436396, 0.1], [0.1, 0.09810941059118748, 0.051197349504005486, 0.04238428822318963, 0.04011461358944961, 0.10744854545683004, 0.10015658311719942, 0.13032331894718183, 0.12670013472043495, 0.10408694847539265, 0.14886249122319278, 0.09735038928356422, 0.12859083784427539, 0.0827605683095606, 0.1], [0.1, 0.10693221927206413, 0.10349063120319624, 0.09173142207251654, 0.07838315838408445, 0.08591550329260754, 0.0773912534817156, 0.14617631640602247, 0.08223717053754044, 0.062079942333261286, 0.11232628468935985, 0.046437615264086525, 0.06968076000018211, 0.10442495766626181, 0.1], [0.1, 0.10266833916567246, 0.15322633886560932, 0.16078737825062192, 0.11463175046668099, 0.13007629232347157, 0.07551561075416986, 0.11968058649359377, 0.0929804815153932, 0.07852770056476686, 0.11865223331124966, 0.07980736440456418, 0.10694965614472918, 0.11695592222978332, 0.1], [0.1, 0.06958669395994595, 0.08543069228548653, 0.09953424876671466, 0.08710922946639035, 0.09956279292778443, 0.08044367609397651, 0.08417011145141262, 0.09715840272817486, 0.09241251527085928, 0.10142840999562716, 0.09047558044614863, 0.07279253506259617, 0.04882929481089328, 0.1], [0.1, 0.10265444344213137, 0.10542263045451022, 0.09700847816670431, 0.1169148856951056, 0.08149087037880416, 0.17259482244264496, 0.1227738236959743, 0.11354985191353813, 0.107307944086217, 0.09495210993571072, 0.07335342202436824, 0.11036225080037164, 0.12168390518622503, 0.1], [0.1, 0.12155235223004544, 0.07530607554511239, 0.05442607583293352, 0.08962721475095217, 0.14114988567245293, 0.09646705477346425, 0.1173574794632405, 0.16103858815595645, 0.1318294606504715, 0.11226707750929701, 0.10936469562461318, 0.09029663608616628, 0.07892998738468386, 0.1], [0.1, 0.1, 0.1, 0.1, 0.1, 0.1, 0.1, 0.1, 0.1, 0.1, 0.1, 0.1, 0.1, 0.1, 0.1]], "velocity_v": [[0.1, 0.1, 0.1, 0.1, 0.1, 0.1, 0.1, 0.1, 0.1, 0.1, 0.1, 0.1, 0.1, 0.1, 0.1], [0.1, 0.1, 0.1, 0.1, 0.1, 0.1, 0.1, 0.1, 0.1, 0.1, 0.1, 0.1, 0.1, 0.1, 0.1], [0.1, 0.1, 0.1, 0.1, 0.1, 0.1, 0.1, 0.1, 0.1, 0.1, 0.1, 0.1, 0.1, 0.1, 0.1], [0.1, 0.1, 0.1, 0.1, 0.1, 0.1, 0.1, 0.1, 0.1, 0.1, 0.1, 0.1, 0.1, 0.1, 0.1], [0.1, 0.1, 0.1, 0.1, 0.1, 0.1, 0.1, 0.1, 0.1, 0.1, 0.1, 0.1, 0.1, 0.1, 0.1], [0.1, 0.1, 0.1, 0.1, 0.1, 0.1, 0.1, 0.1, 0.1, 0.1, 0.1, 0.1, 0.1, 0.1, 0.1], [0.1, 0.1, 0.1, 0.1, 0.1, 0.1, 0.1, 0.1, 0.1, 0.1, 0.1, 0.1, 0.1, 0.1, 0.1], [0.1, 0.1, 0.1, 0.1, 0.1, 0.1, 0.1, 0.1, 0.1, 0.1, 0.1, 0.1, 0.1, 0.1, 0.1], [0.1, 0.1, 0.1, 0.1, 0.1, 0.1, 0.1, 0.1, 0.1, 0.1, 0.1, 0.1, 0.1, 0.1, 0.1], [0.1, 0.1, 0.1, 0.1, 0.1, 0.1, 0.1, 0.1, 0.1, 0.1, 0.1, 0.1, 0.1, 0.1, 0.1], [0.1, 0.1, 0.1, 0.1, 0.1, 0.1, 0.1, 0.1, 0.1, 0.1, 0.1, 0.1, 0.1, 0.1, 0.1], [0.1, 0.1, 0.1, 0.1, 0.1, 0.1, 0.1, 0.1, 0.1, 0.1, 0.1, 0.1, 0.1, 0.1, 0.1], [0.1, 0.1, 0.1, 0.1, 0.1, 0.1, 0.1, 0.1, 0.1, 0.1, 0.1, 0.1, 0.1, 0.1, 0.1], [0.1, 0.1, 0.1, 0.1, 0.1, 0.1, 0.1, 0.1, 0.1, 0.1, 0.1, 0.1, 0.1, 0.1, 0.1], [0.1, 0.1, 0.1, 0.1, 0.1, 0.1, 0.1, 0.1, 0.1, 0.1, 0.1, 0.1, 0.1, 0.1, 0.1]],