{"generation": 34, "velocity_u": [[0.1, 0.1, 0.1, 0.1, 0.1, 0.1, 0.1, 0.1, 0.1, 0.1, 0.1, 0.1, 0.1, 0.1, 0.1], [0.1, 0.10455989809755463, 0.07786500167122114, 0.05950654603372291, 0.05429123119696634, 0.10271269745594187, 0.07042192842822399, 0.09629551351204506, 0.055513452934217736, 0.05974812794463287, 0.10497598300750043, 0.05979874058152605, 0.0529584734429183, 0.09856090205880595, 0.1], [0.1, 0.08980364361103625, 0.20236244098205894, 0.09793083845268735, 0.10391902828596104, 0.11384863135790314, 0.11235924710557013, 0.07015714140894203, 0.053550324432038415, 0.09883829754097612, 0.07766537277476379, 0.0958002552724779, 0.07984805977163675, 0.14558316431784074, 0.1], [0.1, 0.06204885366287894, 0.08062127790794407, 0.04060240747267644, 0.06662803888619742, 0.07063410200626856, 0.080272241532332, 0.18983087927847028, 0.11390441898913962, 0.07109723607762494, 0.0408839554248092, 0.12244780598884916, 0.10987754401964751, 0.09458914885323563, 0.1], [0.1, 0.08457833724896721, 0.10287995903605553, 0.14102375902613126, 0.05406947720977437, 0.04794691856074352, 0.061008217425138296, 0.08353712676725569, 0.16764935219853502, 0.04808386358548537, 0.1179431389018023, 0.06701025070673454, 0.11962022020970708, 0.11494102635571045, 0.1], [0.1, 0.06627034557186473, 0.1067602274859667, 0.10200960422732042, 0.13896166687651348, 0.09699241128578491, 0.14371170368062278, 0.08898834582272157, 0.08311871154937972, 0.06590941310255481, 0.11881993055862208, 0.09124996609194276, 0.1313333513300372, 0.05830077685177412, 0.1], [0.1, 0.13983321086254952, 0.1671169689976034, 0.07523622517579287, 0.06368872289418935, 0.09512513338324015, 0.08401846696231348, 0.07975497083172602, 0.11034119442832092, 0.12384085963425659, 0.06432710871664411, 0.0768563669376837, 0.1947104035604836, 0.07631315279737945, 0.1], [0.1, 0.13863391448801055, 0.05654543906981158, 0.11980421686796554, 0.05819387280241211, 0.026791116322221677, 0.14566377628763053, 0.13837463179337436, 0.09546506714285903, 0.07496355427125068, 0.06013313965140664, 0.09630696201334446, 0.13644024062874288, 0.09024403271123926, 0.1], [0.1, 0.10922067824284103, 0.04105004113330875, 0.04629726678778509, 0.03639593710711397, 0.08513075729100454, 0.1168689554383741, 0.11308140592761375, 0.16288554884508857, 0.13603889858827997, 0.13680492806398564, 0.08621370682321942, 0.1960056678558351, 0.07832742016532569, 0.1], [0.1, 0.12574739325514975, 0.05897484832111244, 0.05274736360831264, 0.04882515743084099, 0.050740333254830655, 0.06888075704827411, 0.1309956315672848, 0.10240132608422407, 0.05510223835198067, 0.12215741885672232, 0.06537404932688527, 0.053747585467504244, 0.07778952598094328, 0.1], [0.1, 0.14762853522585118, 0.13165947027737368, 0.10981159780027264, 0.10198953132144961, 0.114569188196329, 0.05070514365762002, 0.1732503338623066, 0.11094053862057028, 0.06775847593013704, 0.10220394951587462, 0.08558921032408184, 0.0845589961962407, 0.18018946907398523, 0.1], [0.1, 0.055715108831032104, 0.0970849380646702, 0.12417846185524624, 0.09538737463442673, 0.12286513355877501, 0.07063837496085704, 0.08144443708264415, 0.11119198144177175, 0.052813799689692104, 0.11610656602698619, 0.08539435426383857, 0.0848235682059747, 0.05303339749137252, 0.1], [0.1, 0.07628093955286218, 0.11694724488385894, 0.0946677227183267, 0.11514807276536121, 0.0635020209828356, 0.11695145218040301, 0.10977346978454386, 0.07501905778046603, 0.09120011111306074, 0.11008181552599083, 0.05835521286218139, 0.08392979918971158, 0.093043352975152, 0.1], [0.1, 0.1265834233135777, 0.10130031393110162, 0.04827933877441881, 0.0680224440823245, 0.1557657766534872, 0.13601845999664391, 0.1284889688847222, 0.16268682020786418, 0.14665218359501628, 0.1073198263236711, 0.12259097588149881, 0.11148775813014268, 0.07232644741214753, 0.1], [0.1, 0.1, 0.1, 0.1, 0.1, 0.1, 0.1, 0.1, 0.1, 0.1, 0.1, 0.1, 0.1, 0.1, 0.1]], "velocity_v": [[0.1, 0.1, 0.1, 0.1, 0.1, 0.1, 0.1, 0.1, 0.1, 0.1, 0.1, 0.1, 0.1, 0.1, 0.1], [0.1, 0.1, 0.1, 0.1, 0.1, 0.1, 0.1, 0.1, 0.1, 0.1, 0.1, 0.1, 0.1, 0.1, 0.1], [0.1, 0.1, 0.1, 0.1, 0.1, 0.1, 0.1, 0.1, 0.1, 0.1, 0.1, 0.1, 0.1, 0.1, 0.1], [0.1, 0.1, 0.1, 0.1, 0.1, 0.1, 0.1, 0.1, 0.1, 0.1, 0.1, 0.1, 0.1, 0.1, 0.1], [0.1, 0.1, 0.1, 0.1, 0.1, 0.1, 0.1, 0.1, 0.1, 0.1, 0.1, 0.1, 0.1, 0.1, 0.1], [0.1, 0.1, 0.1, 0.1, 0.1, 0.1, 0.1, 0.1, 0.1, 0.1, 0.1, 0.1, 0.1, 0.1, 0.1], [0.1, 0.1, 0.1, 0.1, 0.1, 0.1, 0.1, 0.1, 0.1, 0.1, 0.1, 0.1, 0.1, 0.1, 0.1], [0.1, 0.1, 0.1, 0.1, 0.1, 0.1, 0.1, 0.1, 0.1, 0.1, 0.1, 0.1, 0.1, 0.1, 0.1], [0.1, 0.1, 0.1, 0.1, 0.1, 0.1, 0.1, 0.1, 0.1, 0.1, 0.1, 0.1, 0.1, 0.1, 0.1], [0.1, 0.1, 0.1, 0.1, 0.1, 0.1, 0.1, 0.1, 0.1, 0.1, 0.1, 0.1, 0.1, 0.1, 0.1], [0.1, 0.1, 0.1, 0.1, 0.1, 0.1, 0.1, 0.1, 0.1, 0.1, 0.1, 0.1, 0.1, 0.1, 0.1], [0.1, 0.1, 0.1, 0.1, 0.1, 0.1, 0.1, 0.1, 0.1, 0.1, 0.1, 0.1, 0.1, 0.1, 0.1], [0.1, 0.1, 0.1, 0.1, 0.1, 0.1, 0.1, 0.1, 0.1, 0.1, 0.1, 0.1, 0.1, 0.1, 0.1], [0.1, 0.1, 0.1, 0.1, 0.1, 0.1, 0.1, 0.1, 0.1, 0.1, 0.1, 0.1, 0.1, 0.1, 0.1], [0.1, 0.1, 0.1, 0.1, 0.1, 0.1, 0.1, 0.1, 0.1, 0.1, 0.1, 0.1, 0.1, 0.1, 0.1]],