{"generation": 11, "velocity_u": [[0.1, 0.1, 0.1, 0.1, 0.1, 0.1, 0.1, 0.1, 0.1, 0.1, 0.1, 0.1, 0.1, 0.1, 0.1], [0.1, 0.11621769637121644, 0.1289290317399144, 0.10689768351217555, 0.051408673977802646, 0.07645072761387552, 0.09476742467084867, 0.09158200620853767, 0.08196023438536827, 0.08615272609272812, 0.05650349359431891, 0.09089263754442398, 0.10092268083061007, 0.10255509521117741, 0.1], [0.1, 0.06270460489151047, 0.09082530267826192, 0.12420288200638285, 0.08515127207362008, 0.08067197412842105, 0.11411257450064534, 0.1356946591811882, 0.11606374053368274, 0.08276006176841547, 0.07211439123614966, 0.10313738954727548, 0.10624193395676237, 0.08174480206947644, 0.1], [0.1, 0.08716465700398442, 0.10413474447316327, 0.10011186865186214, 0.06416475057629517, 0.08910597643489974, 0.10022760282442597, 0.10585685683928298, 0.11937574219534297, 0.05247821904151216, 0.07240222995977513, 0.08485314514689966, 0.097336663114067, 0.10041648607294446, 0.1], [0.1, 0.11553502539969293, 0.12771827299015986, 0.09731026750908477, 0.10788246618859286, 0.08020748856995205, 0.13288163870871125, 0.08125099468908853, 0.07626414696149786, 0.11504920853467357, 0.10775709226064838, 0.05841734857114138, 0.11064609461602908, 0.10441850084582815, 0.1], [0.1, 0.13911777712840745, 0.07562002209634446, 0.08306843562529967, 0.09878064426086995, 0.08378555742530332, 0.09938267128659509, 0.133825827698894, 0.10113334808001552, 0.10215875965265608, 0.09086511650314466, 0.11958586596071617, 0.12029218611754913, 0.08682581508618498, 0.1], [0.1, 0.11373187735459597, 0.08990524845066614, 0.1335024513344835, 0.0682048598036682, 0.07900694049906361, 0.10131786645078969, 0.13120950303032675, 0.10683258843969445, 0.08432217024556152, 0.10601903773716415, 0.06714873691979704, 0.0848991791750095, 0.0951500344736269, 0.1], [0.1, 0.08096135564248924, 0.07680828905582324, 0.09307685860375459, 0.08933802123865245, 0.08801314061255616, 0.12537445095265753, 0.13158049393583165, 0.10359598153766807, 0.08950901654187991, 0.12365900846415408, 0.09882443636353064, 0.11255181093321791, 0.10939340435836738, 0.1], [0.1, 0.10139290869004486, 0.1188809299150979, 0.1012462551783972, 0.07458919889199064, 0.11174717175296559, 0.07953583569066015, 0.1177603805283148, 0.10488630403806656, 0.09291388415383289, 0.0989459522900353, 0.09669049297222848, 0.0884321685169149, 0.1225624865635216, 0.1], [0.1, 0.08754527256687329, 0.09998316923454073, 0.10116391859962064, 0.11767427143209164, 0.13041239128911503, 0.09118734039812788, 0.09492134395208272, 0.08497260694543958, 0.0912946119900229, 0.09894020613252633, 0.07644620767350246, 0.09439890827723778, 0.1097426695423731, 0.1], [0.1, 0.09436743078396065, 0.09324192235889944, 0.11379098553792755, 0.09251681656186593, 0.11116006943427005, 0.10868484481170573, 0.10338366852692069, 0.10210272080320666, 0.10528855875449364, 0.10164433019524835, 0.10000446442635523, 0.12793618718700228, 0.07529372639683546, 0.1], [0.1, 0.0888943605010077, 0.06513001917510372, 0.0751920133049861, 0.11764089377221887, 0.09394760656681839, 0.13276448704472077, 0.09488921410919739, 0.13507721416242616, 0.10421201159053836, 0.11032622448024555, 0.07881896730464383, 0.09571721920656169, 0.09509561149624561, 0.1], [0.1, 0.12664080683578552, 0.11118830757807083, 0.10588806631088858, 0.10701430773651792, 0.08225612311543756, 0.1200979321936132, 0.10647880150188621, 0.11531754958025679, 0.13632101281617626, 0.09964080364023911, 0.10209164411152269, 0.09702124092994373, 0.1294162022375954, 0.1], [0.1, 0.10033424895807518, 0.07920071217180269, 0.06328625735097249, 0.08847177931675741, 0.12531428223261826, 0.07582949458878047, 0.1042575579395392, 0.1187258308460919, 0.11155185996394221, 0.10764883215374413, 0.09805394077260363, 0.10048581512533011, 0.09366393829867481, 0.1], [0.1, 0.1, 0.1, 0.1, 0.1, 0.1, 0.1, 0.1, 0.1, 0.1, 0.1, 0.1, 0.1, 0.1, 0.1]], "velocity_v": [[0.1, 0.1, 0.1, 0.1, 0.1, 0.1, 0.1, 0.1, 0.1, 0.1, 0.1, 0.1, 0.1, 0.1, 0.1], [0.1, 0.1, 0.1, 0.1, 0.1, 0.1, 0.1, 0.1, 0.1, 0.1, 0.1, 0.1, 0.1, 0.1, 0.1], [0.1, 0.1, 0.1, 0.1, 0.1, 0.1, 0.1, 0.1, 0.1, 0.1, 0.1, 0.1, 0.1, 0.1, 0.1], [0.1, 0.1, 0.1, 0.1, 0.1, 0.1, 0.1, 0.1, 0.1, 0.1, 0.1, 0.1, 0.1, 0.1, 0.1], [0.1, 0.1, 0.1, 0.1, 0.1, 0.1, 0.1, 0.1, 0.1, 0.1, 0.1, 0.1, 0.1, 0.1, 0.1], [0.1, 0.1, 0.1, 0.1, 0.1, 0.1, 0.1, 0.1, 0.1, 0.1, 0.1, 0.1, 0.1, 0.1, 0.1], [0.1, 0.1, 0.1, 0.1, 0.1, 0.1, 0.1, 0.1, 0.1, 0.1, 0.1, 0.1, 0.1, 0.1, 0.1], [0.1, 0.1, 0.1, 0.1, 0.1, 0.1, 0.1, 0.1, 0.1, 0.1, 0.1, 0.1, 0.1, 0.1, 0.1], [0.1, 0.1, 0.1, 0.1, 0.1, 0.1, 0.1, 0.1, 0.1, 0.1, 0.1, 0.1, 0.1, 0.1, 0.1], [0.1, 0.1, 0.1, 0.1, 0.1, 0.1, 0.1, 0.1, 0.1, 0.1, 0.1, 0.1, 0.1, 0.1, 0.1], [0.1, 0.1, 0.1, 0.1, 0.1, 0.1, 0.1, 0.1, 0.1, 0.1, 0.1, 0.1, 0.1, 0.1, 0.1], [0.1, 0.1, 0.1, 0.1, 0.1, 0.1, 0.1, 0.1, 0.1, 0.1, 0.1, 0.1, 0.1, 0.1, 0.1], [0.1, 0.1, 0.1, 0.1, 0.1, 0.1, 0.1, 0.1, 0.1, 0.1, 0.1, 0.1, 0.1, 0.1, 0.1], [0.1, 0.1, 0.1, 0.1, 0.1, 0.1, 0.1, 0.1, 0.1, 0.1, 0.1, 0.1, 0.1, 0.1, 0.1], [0.1, 0.1, 0.1, 0.1, 0.1, 0.1, 0.1, 0.1, 0.1, 0.1, 0.1, 0.1, 0.1, 0.1, 0.1]],