{"generation": 32, "velocity_u": [[0.1, 0.1, 0.1, 0.1, 0.1, 0.1, 0.1, 0.1, 0.1, 0.1, 0.1, 0.1, 0.1, 0.1, 0.1], [0.1, 0.11714252787571487, 0.0708927401769139, 0.051332770212474704, 0.05802553511316697, 0.08770133607512191, 0.07938647918119744, 0.08055334377259378, 0.049480005690330946, 0.057903045043015675, 0.09852682113588523, 0.07525956955400095, 0.046176140899320525, 0.109876234699792, 0.1], [0.1, 0.07490538517508193, 0.1978758718672076, 0.10189676445793025, 0.09299714326706883, 0.11540144316302534, 0.12148936824583001, 0.09033008778846467, 0.04605824913593498, 0.11375599581537793, 0.08282095053592667, 0.11853961198404549, 0.0750642716750752, 0.14283570341563, 0.1], [0.1, 0.06662281199203329, 0.06902737124483403, 0.04973479134047813, 0.06359151653809518, 0.06652449615702935, 0.07252421793863957, 0.18550476599044846, 0.13174618048026865, 0.06415801105031325, 0.05258996633329656, 0.11402999340286421, 0.11134947872628184, 0.08600868834404186, 0.1], [0.1, 0.08072566241195321, 0.09544991488305259, 0.14329645069429928, 0.0550758794538448, 0.05608253748090507, 0.06842936503686642, 0.0780055322969599, 0.15832948922779339, 0.039642683637406625, 0.1256201543267865, 0.0642763954045683, 0.12077475961161631, 0.10362831008543277, 0.1], [0.1, 0.07023258367069876, 0.10838321837957562, 0.08294151692548565, 0.1356546422728127, 0.11733991400341888, 0.13915213394325218, 0.09155244222656052, 0.08457481672943298, 0.055560156449145574, 0.1041146810642244, 0.10612229180915471, 0.1460618225454281, 0.04941719041075361, 0.1], [0.1, 0.16791522577456872, 0.15861593750399053, 0.09033027862510316, 0.05468906964976001, 0.09945743674686068, 0.0948502991671857, 0.0704567364515745, 0.11017549125980927, 0.13108521612524424, 0.07269306991775686, 0.07952243845043741, 0.19383794545888372, 0.06823425762445047, 0.1], [0.1, 0.14172592343558135, 0.04913807929567476, 0.12765518814946572, 0.06442501312690303, 0.027970286914984634, 0.13709757228527736, 0.134338534927275, 0.09648579220693052, 0.0808482884940636, 0.0546375160744076, 0.0862797051335708, 0.151558123440883, 0.09222814155296373, 0.1], [0.1, 0.10787244451308786, 0.0318572357259443, 0.05282244216277332, 0.038407606065900435, 0.08538470214635488, 0.11160842658832579, 0.12152683012139255, 0.15424413009557197, 0.1283116188611349, 0.13352101521170806, 0.0895392925545945, 0.17202139076324036, 0.06355789111842737, 0.1], [0.1, 0.1344212341770113, 0.07234004240407124, 0.06560719339808792, 0.05873181186892165, 0.04093928466059582, 0.07806008319005793, 0.1378072652920029, 0.09749014317222751, 0.0571334768858888, 0.11750470193154507, 0.05801215243773775, 0.052475102050347555, 0.09738393887410807, 0.1], [0.1, 0.1325989929259172, 0.1485009215857162, 0.12453716280988328, 0.11934348381354073, 0.13002723575311811, 0.052496685565505234, 0.1625824923029721, 0.10975694310348043, 0.06800422045100568, 0.09842687488694885, 0.08784825649973982, 0.09250468103836923, 0.16308537317160388, 0.1], [0.1, 0.05554998630866314, 0.0970980191764388, 0.11603433911654862, 0.09881002345738585, 0.12203162806300623, 0.07910343976950895, 0.07823633099573384, 0.11233114092298274, 0.05675464982725024, 0.13113287884433256, 0.0848724621275406, 0.08058391579837883, 0.0569994640558535, 0.1], [0.1, 0.08593455543787133, 0.12580877774909643, 0.08937994701722145, 0.11638629935960532, 0.05766716457251721, 0.11934892733544877, 0.12981109916313474, 0.08086279947207861, 0.09325011906606052, 0.10198517561868285, 0.05856309002412659, 0.09590802211067623, 0.09284579995339412, 0.1], [0.1, 0.1166308228197357, 0.09561948997902554, 0.04783114061669699, 0.07350772256333027, 0.14734068045988635, 0.1180231578597636, 0.120682229637081, 0.17370527654028767, 0.14941409921266718, 0.11362518763745355, 0.12148835743686849, 0.10692395589356796, 0.07923586267898532, 0.1], [0.1, 0.1, 0.1, 0.1, 0.1, 0.1, 0.1, 0.1, 0.1, 0.1, 0.1, 0.1, 0.1, 0.1, 0.1]], "velocity_v": [[0.1, 0.1, 0.1, 0.1, 0.1, 0.1, 0.1, 0.1, 0.1, 0.1, 0.1, 0.1, 0.1, 0.1, 0.1], [0.1, 0.1, 0.1, 0.1, 0.1, 0.1, 0.1, 0.1, 0.1, 0.1, 0.1, 0.1, 0.1, 0.1, 0.1], [0.1, 0.1, 0.1, 0.1, 0.1, 0.1, 0.1, 0.1, 0.1, 0.1, 0.1, 0.1, 0.1, 0.1, 0.1], [0.1, 0.1, 0.1, 0.1, 0.1, 0.1, 0.1, 0.1, 0.1, 0.1, 0.1, 0.1, 0.1, 0.1, 0.1], [0.1, 0.1, 0.1, 0.1, 0.1, 0.1, 0.1, 0.1, 0.1, 0.1, 0.1, 0.1, 0.1, 0.1, 0.1], [0.1, 0.1, 0.1, 0.1, 0.1, 0.1, 0.1, 0.1, 0.1, 0.1, 0.1, 0.1, 0.1, 0.1, 0.1], [0.1, 0.1, 0.1, 0.1, 0.1, 0.1, 0.1, 0.1, 0.1, 0.1, 0.1, 0.1, 0.1, 0.1, 0.1], [0.1, 0.1, 0.1, 0.1, 0.1, 0.1, 0.1, 0.1, 0.1, 0.1, 0.1, 0.1, 0.1, 0.1, 0.1], [0.1, 0.1, 0.1, 0.1, 0.1, 0.1, 0.1, 0.1, 0.1, 0.1, 0.1, 0.1, 0.1, 0.1, 0.1], [0.1, 0.1, 0.1, 0.1, 0.1, 0.1, 0.1, 0.1, 0.1, 0.1, 0.1, 0.1, 0.1, 0.1, 0.1], [0.1, 0.1, 0.1, 0.1, 0.1, 0.1, 0.1, 0.1, 0.1, 0.1, 0.1, 0.1, 0.1, 0.1, 0.1], [0.1, 0.1, 0.1, 0.1, 0.1, 0.1, 0.1, 0.1, 0.1, 0.1, 0.1, 0.1, 0.1, 0.1, 0.1], [0.1, 0.1, 0.1, 0.1, 0.1, 0.1, 0.1, 0.1, 0.1, 0.1, 0.1, 0.1, 0.1, 0.1, 0.1], [0.1, 0.1, 0.1, 0.1, 0.1, 0.1, 0.1, 0.1, 0.1, 0.1, 0.1, 0.1, 0.1, 0.1, 0.1], [0.1, 0.1, 0.1, 0.1, 0.1, 0.1, 0.1, 0.1, 0.1, 0.1, 0.1, 0.1, 0.1, 0.1, 0.1]],