{"generation": 10, "velocity_u": [[0.1, 0.1, 0.1, 0.1, 0.1, 0.1, 0.1, 0.1, 0.1, 0.1, 0.1, 0.1, 0.1, 0.1, 0.1], [0.1, 0.11423022196260511, 0.1305567793994982, 0.11051713512125878, 0.05253890788056049, 0.0853380592941681, 0.1006959908293059, 0.10326078917450483, 0.08651147005170058, 0.09136595687501962, 0.06532661309432525, 0.08735463999948476, 0.10352072141399041, 0.10168744379500591, 0.1], [0.1, 0.06618340664643332, 0.09512485901067995, 0.1151235183813892, 0.08666010120639037, 0.08202166894759326, 0.1085424690440879, 0.1355955250445171, 0.11786860892663616, 0.0905910646408625, 0.08018784783166544, 0.09363259732530489, 0.10096901253720819, 0.08347470655533011, 0.1], [0.1, 0.0801284168931355, 0.09808945301616429, 0.10846003898638257, 0.06240931625149503, 0.09814122229952857, 0.11102641565980118, 0.1088512615173253, 0.11593258408740995, 0.0556531072724258, 0.08287020142963789, 0.07633490986212393, 0.10420663444241561, 0.10124508569226387, 0.1], [0.1, 0.10920291444312352, 0.12258751991010548, 0.09920099902448204, 0.114932163095303, 0.08615567067062697, 0.12885933790916304, 0.08829263409039624, 0.07679961840270277, 0.11407362871597833, 0.1137460166831216, 0.06443680136604332, 0.11971939122510962, 0.0987813868444708, 0.1], [0.1, 0.14656225059666295, 0.07052154572142073, 0.09423966451011134, 0.09017799821954034, 0.08839082734588369, 0.10315381280346689, 0.12814258858308517, 0.10897329869065045, 0.09867152211952791, 0.08184303688923096, 0.12269226366630165, 0.11753701367275045, 0.09474427387212424, 0.1], [0.1, 0.10366417522507516, 0.0952638291422202, 0.14354944592533303, 0.07298335368296943, 0.08165345742722853, 0.09897753804390913, 0.12272882528146233, 0.11313023870851276, 0.08733352538574593, 0.10586546257075799, 0.06572297193138768, 0.07573743254596299, 0.10367840796646234, 0.1], [0.1, 0.08165121101575396, 0.08590882993858873, 0.09700227340593057, 0.08087828089693776, 0.09937728056365677, 0.11523081746460981, 0.1311003515729186, 0.09648860677690999, 0.08055696252409507, 0.11590265195954146, 0.09046040194230842, 0.10752800367481896, 0.11126175950010773, 0.1], [0.1, 0.10582257894722698, 0.11074305249087585, 0.10283256467813301, 0.08270954387680148, 0.11617774607551913, 0.0784936857991289, 0.10723999680703813, 0.10231785041864383, 0.09405028326064334, 0.10624377283678539, 0.09220377631596982, 0.08716913807962068, 0.11545917001580637, 0.1], [0.1, 0.09568179696870198, 0.09457863443576657, 0.09681335479965934, 0.1129658421256747, 0.12119024837499379, 0.08744472392301522, 0.08588749844160354, 0.07825387165795797, 0.08605176837407663, 0.10117019054316231, 0.07826240308496157, 0.1042426673261321, 0.09922083542828433, 0.1], [0.1, 0.0886527140948299, 0.08864741698073665, 0.11370042202439269, 0.09561660840716381, 0.1173391466043464, 0.11286890863677318, 0.11185167693312287, 0.1122232511526555, 0.10322170323025748, 0.10369478399726365, 0.09800088778293695, 0.12642955933032424, 0.08431824738936794, 0.1], [0.1, 0.0969313489806532, 0.06774193886080863, 0.07154304373117891, 0.12369575372571996, 0.0841652922455036, 0.12873701135315038, 0.10381299838800043, 0.13719458882404806, 0.10960168835410566, 0.10058156109107187, 0.07166468935266337, 0.1030715594735537, 0.10385440941596127, 0.1], [0.1, 0.11897936165383075, 0.10918779791482765, 0.0975651140827974, 0.11263783940476964, 0.08583884536571701, 0.11566893671009114, 0.10060464625242262, 0.10792694686523306, 0.1353270555873186, 0.09778276821137014, 0.1013374066275836, 0.10199995664880485, 0.13024859332341993, 0.1], [0.1, 0.0947344368837289, 0.07637895638879716, 0.0650146944550964, 0.08456384294897225, 0.12358496971871666, 0.06919310173870821, 0.10788750961522858, 0.1156753131361895, 0.1045883922657907, 0.09827955837336827, 0.09846211935506655, 0.09821315188707506, 0.08958435374613995, 0.1], [0.1, 0.1, 0.1, 0.1, 0.1, 0.1, 0.1, 0.1, 0.1, 0.1, 0.1, 0.1, 0.1, 0.1, 0.1]], "velocity_v": [[0.1, 0.1, 0.1, 0.1, 0.1, 0.1, 0.1, 0.1, 0.1, 0.1, 0.1, 0.1, 0.1, 0.1, 0.1], [0.1, 0.1, 0.1, 0.1, 0.1, 0.1, 0.1, 0.1, 0.1, 0.1, 0.1, 0.1, 0.1, 0.1, 0.1], [0.1, 0.1, 0.1, 0.1, 0.1, 0.1, 0.1, 0.1, 0.1, 0.1, 0.1, 0.1, 0.1, 0.1, 0.1], [0.1, 0.1, 0.1, 0.1, 0.1, 0.1, 0.1, 0.1, 0.1, 0.1, 0.1, 0.1, 0.1, 0.1, 0.1], [0.1, 0.1, 0.1, 0.1, 0.1, 0.1, 0.1, 0.1, 0.1, 0.1, 0.1, 0.1, 0.1, 0.1, 0.1], [0.1, 0.1, 0.1, 0.1, 0.1, 0.1, 0.1, 0.1, 0.1, 0.1, 0.1, 0.1, 0.1, 0.1, 0.1], [0.1, 0.1, 0.1, 0.1, 0.1, 0.1, 0.1, 0.1, 0.1, 0.1, 0.1, 0.1, 0.1, 0.1, 0.1], [0.1, 0.1, 0.1, 0.1, 0.1, 0.1, 0.1, 0.1, 0.1, 0.1, 0.1, 0.1, 0.1, 0.1, 0.1], [0.1, 0.1, 0.1, 0.1, 0.1, 0.1, 0.1, 0.1, 0.1, 0.1, 0.1, 0.1, 0.1, 0.1, 0.1], [0.1, 0.1, 0.1, 0.1, 0.1, 0.1, 0.1, 0.1, 0.1, 0.1, 0.1, 0.1, 0.1, 0.1, 0.1], [0.1, 0.1, 0.1, 0.1, 0.1, 0.1, 0.1, 0.1, 0.1, 0.1, 0.1, 0.1, 0.1, 0.1, 0.1], [0.1, 0.1, 0.1, 0.1, 0.1, 0.1, 0.1, 0.1, 0.1, 0.1, 0.1, 0.1, 0.1, 0.1, 0.1], [0.1, 0.1, 0.1, 0.1, 0.1, 0.1, 0.1, 0.1, 0.1, 0.1, 0.1, 0.1, 0.1, 0.1, 0.1], [0.1, 0.1, 0.1, 0.1, 0.1, 0.1, 0.1, 0.1, 0.1, 0.1, 0.1, 0.1, 0.1, 0.1, 0.1], [0.1, 0.1, 0.1, 0.1, 0.1, 0.1, 0.1, 0.1, 0.1, 0.1, 0.1, 0.1, 0.1, 0.1, 0.1]],