{"generation": 36, "velocity_u": [[0.1, 0.1, 0.1, 0.1, 0.1, 0.1, 0.1, 0.1, 0.1, 0.1, 0.1, 0.1, 0.1, 0.1, 0.1], [0.1, 0.09757950880492816, 0.07039151205005409, 0.07359770831680874, 0.05328851772201296, 0.11823412150409102, 0.07114479858377827, 0.08189350591992099, 0.05699823429851409, 0.06184782403347789, 0.11659158972949663, 0.053736173082487175, 0.056358940194502494, 0.10390636513857718, 0.1], [0.1, 0.09103059801403128, 0.206180029797583, 0.1060050748175774, 0.10442719619650306, 0.11725611013430842, 0.11849552194835743, 0.050907203935008194, 0.0424243829393186, 0.10362550067598962, 0.08663152755904963, 0.07879801687350459, 0.07563284399363937, 0.1340394762698521, 0.1], [0.1, 0.07937414942337045, 0.07918983881269767, 0.04826999116115935, 0.07750116143846153, 0.06667309825826523, 0.07550097066074804, 0.1787287953174199, 0.10454311926761121, 0.07315525219335882, 0.025048332316928604, 0.12718964906769029, 0.08911643619644948, 0.08516215584168887, 0.1], [0.1, 0.08048124256836092, 0.09214438855123291, 0.11950424289493577, 0.05171583926507795, 0.06052782824871857, 0.07139794992039963, 0.09629059158072066, 0.17222688105723832, 0.05621879358516824, 0.11455366204912787, 0.08328231247771005, 0.11121730192798562, 0.11761404349761355, 0.1], [0.1, 0.07813194600783939, 0.09726179648459009, 0.118912069644879, 0.13435351135906265, 0.0932176049536712, 0.15011651149631067, 0.0802453923535612, 0.0943278075064639, 0.0563383214768382, 0.12263353754669705, 0.0895818758862088, 0.13846279019371033, 0.06251383157836446, 0.1], [0.1, 0.1383107782784658, 0.1748119109312144, 0.08334362271728286, 0.06605193987618233, 0.10384144159218482, 0.0839579956182992, 0.07013341777337646, 0.11141494210084386, 0.12300667558225288, 0.0801187186338606, 0.07364629914715107, 0.17697701905060356, 0.0728448853955689, 0.1], [0.1, 0.14984329224835333, 0.07132762089156612, 0.10908664000154047, 0.0668102201744616, 0.032351812587020065, 0.139522622505974, 0.11905231887130815, 0.09359661920496702, 0.07213292999276402, 0.05063434113289681, 0.09189979058832216, 0.14558377101515366, 0.09099615651893607, 0.1], [0.1, 0.10603058107795718, 0.05267715636047461, 0.041655546119292564, 0.027562159500593632, 0.09519006190376973, 0.1313308831757488, 0.11985794721476607, 0.16403160572132036, 0.1406591299297888, 0.1248771796522035, 0.10307050426154861, 0.20736279062842686, 0.08631899718167646, 0.1], [0.1, 0.1171089871048469, 0.04752598888088068, 0.04232711775056701, 0.03507007339640711, 0.04561016788966075, 0.06646041605158853, 0.12129831618957024, 0.11384014140390508, 0.05455897065181963, 0.1216495138839208, 0.05013437071497659, 0.05911016503830496, 0.05774840670131755, 0.1], [0.1, 0.1514900161420151, 0.13562353585853615, 0.09440885822643597, 0.10718139899564472, 0.10618114427935604, 0.043013489363891856, 0.19669769521714575, 0.1044227943547145, 0.05169534012907995, 0.10125451007985882, 0.09480716412283646, 0.08902610348755084, 0.18324302025948308, 0.1], [0.1, 0.06589074500578401, 0.09765944660291781, 0.12260443500194039, 0.10317308224424687, 0.12846041707240657, 0.0726855462966696, 0.0893960672626945, 0.11257276581379819, 0.05358553341261054, 0.12208654642638747, 0.10473539430863758, 0.08930124109148925, 0.05642831376793844, 0.1], [0.1, 0.07706474169519355, 0.11578516426061618, 0.10571550485178491, 0.11680999056049918, 0.05478293266363096, 0.11010994568410959, 0.09751020764480482, 0.06643386971891015, 0.0897238184889774, 0.11997454895343869, 0.05008374290866853, 0.07790089213643357, 0.07890984671590767, 0.1], [0.1, 0.12664817843673168, 0.09684036695254272, 0.036552713308576866, 0.059169601111098244, 0.16448643708601648, 0.1504189049994104, 0.1412383520651102, 0.15954614806420098, 0.13470566056458294, 0.10375818531805858, 0.11834735323267387, 0.11367718980810149, 0.08583635267796283, 0.1], [0.1, 0.1, 0.1, 0.1, 0.1, 0.1, 0.1, 0.1, 0.1, 0.1, 0.1, 0.1, 0.1, 0.1, 0.1]], "velocity_v": [[0.1, 0.1, 0.1, 0.1, 0.1, 0.1, 0.1, 0.1, 0.1, 0.1, 0.1, 0.1, 0.1, 0.1, 0.1], [0.1, 0.1, 0.1, 0.1, 0.1, 0.1, 0.1, 0.1, 0.1, 0.1, 0.1, 0.1, 0.1, 0.1, 0.1], [0.1, 0.1, 0.1, 0.1, 0.1, 0.1, 0.1, 0.1, 0.1, 0.1, 0.1, 0.1, 0.1, 0.1, 0.1], [0.1, 0.1, 0.1, 0.1, 0.1, 0.1, 0.1, 0.1, 0.1, 0.1, 0.1, 0.1, 0.1, 0.1, 0.1], [0.1, 0.1, 0.1, 0.1, 0.1, 0.1, 0.1, 0.1, 0.1, 0.1, 0.1, 0.1, 0.1, 0.1, 0.1], [0.1, 0.1, 0.1, 0.1, 0.1, 0.1, 0.1, 0.1, 0.1, 0.1, 0.1, 0.1, 0.1, 0.1, 0.1], [0.1, 0.1, 0.1, 0.1, 0.1, 0.1, 0.1, 0.1, 0.1, 0.1, 0.1, 0.1, 0.1, 0.1, 0.1], [0.1, 0.1, 0.1, 0.1, 0.1, 0.1, 0.1, 0.1, 0.1, 0.1, 0.1, 0.1, 0.1, 0.1, 0.1], [0.1, 0.1, 0.1, 0.1, 0.1, 0.1, 0.1, 0.1, 0.1, 0.1, 0.1, 0.1, 0.1, 0.1, 0.1], [0.1, 0.1, 0.1, 0.1, 0.1, 0.1, 0.1, 0.1, 0.1, 0.1, 0.1, 0.1, 0.1, 0.1, 0.1], [0.1, 0.1, 0.1, 0.1, 0.1, 0.1, 0.1, 0.1, 0.1, 0.1, 0.1, 0.1, 0.1, 0.1, 0.1], [0.1, 0.1, 0.1, 0.1, 0.1, 0.1, 0.1, 0.1, 0.1, 0.1, 0.1, 0.1, 0.1, 0.1, 0.1], [0.1, 0.1, 0.1, 0.1, 0.1, 0.1, 0.1, 0.1, 0.1, 0.1, 0.1, 0.1, 0.1, 0.1, 0.1], [0.1, 0.1, 0.1, 0.1, 0.1, 0.1, 0.1, 0.1, 0.1, 0.1, 0.1, 0.1, 0.1, 0.1, 0.1], [0.1, 0.1, 0.1, 0.1, 0.1, 0.1, 0.1, 0.1, 0.1, 0.1, 0.1, 0.1, 0.1, 0.1, 0.1]],