{"generation": 20, "velocity_u": [[0.1, 0.1, 0.1, 0.1, 0.1, 0.1, 0.1, 0.1, 0.1, 0.1, 0.1, 0.1, 0.1, 0.1, 0.1], [0.1, 0.09956288304860196, 0.14297761663758873, 0.052122557891304544, 0.054603009872133144, 0.07897147731771753, 0.08081040969667247, 0.09199930938805438, 0.04420727158231213, 0.10485292469117177, 0.06696590153336769, 0.07867779082559041, 0.07429159553479883, 0.09866825243959748, 0.1], [0.1, 0.05867587264396565, 0.12939570469552905, 0.10810028757084063, 0.06669541387083727, 0.07035954588911777, 0.11508004028735169, 0.1238227532518411, 0.08261755353256597, 0.10142587476242218, 0.08078104932875807, 0.09067424992607168, 0.10868505408198292, 0.07749713216016749, 0.1], [0.1, 0.06358852278103186, 0.06722401322143856, 0.06584344645743981, 0.076413696615581, 0.07554775165560902, 0.07485814866742105, 0.13392969405227106, 0.13634000730471962, 0.06869065772971412, 0.09148345916505891, 0.08901324766550267, 0.10882709585153588, 0.10700384839321013, 0.1], [0.1, 0.0893957072685691, 0.15038728819850386, 0.11345246268596956, 0.0773189805065174, 0.07142536485284039, 0.10114839910055529, 0.07870744778202182, 0.09421788682738824, 0.07328474575479951, 0.10841098911430826, 0.08246281112382053, 0.11257955067081521, 0.09304706988125282, 0.1], [0.1, 0.12782595093629306, 0.0697756583269522, 0.07038677578228447, 0.10807882272309001, 0.08506402239764073, 0.13635404359542744, 0.10602563647796796, 0.09611943914897524, 0.12264098945129319, 0.09660818998707321, 0.11041973771073932, 0.15458576421028242, 0.04499099827344894, 0.1], [0.1, 0.13406842589409093, 0.12132803102059506, 0.11720981977248111, 0.04432625939217592, 0.05969797706907134, 0.08935136929427019, 0.11640386405698888, 0.10196069634151497, 0.113376238996474, 0.07757660398564759, 0.07281173261559037, 0.12575953399228265, 0.0872143806116322, 0.1], [0.1, 0.09234710674699889, 0.0374070271628991, 0.11830410858633017, 0.08803610047928513, 0.07505352125368278, 0.14972709913136423, 0.1545389494575386, 0.10389562415323897, 0.06881619658344058, 0.0993799132074842, 0.09027936074014752, 0.1179321597992013, 0.09340346889647695, 0.1], [0.1, 0.07912478168615444, 0.09120163991626967, 0.07230937439530401, 0.04648880891777314, 0.10164934310193009, 0.08095995381880368, 0.10888746708607785, 0.10393689333199194, 0.11099765355611659, 0.15970542930167655, 0.09772078431370143, 0.10630298185742133, 0.09757009626710172, 0.1], [0.1, 0.10819483463951633, 0.12331587996529601, 0.10008270272298664, 0.10062029172558647, 0.09635776133423317, 0.07207230845164497, 0.11715630534477088, 0.07142891593310886, 0.07796792138211082, 0.10526454528838336, 0.04790924367143203, 0.06075204279137218, 0.13241546491543674, 0.1], [0.1, 0.10116816453250727, 0.1403133045140768, 0.16414251122626206, 0.12057046407066366, 0.12930455626905224, 0.0840369428080345, 0.10606362754305168, 0.08804924936163862, 0.08742017779260827, 0.08917241500117762, 0.09764813824045662, 0.12031397270416191, 0.09791895559389668, 0.1], [0.1, 0.08537528480582118, 0.06725769690607988, 0.07548456860531759, 0.09045052862080687, 0.0815231616125541, 0.11418563531309339, 0.07425839174591645, 0.10863078061802742, 0.09351866468643935, 0.11393345550358827, 0.0838615278889131, 0.07758493638512423, 0.04859346196786539, 0.1], [0.1, 0.11335719677296244, 0.08255970757056219, 0.1099837376165069, 0.12411728910686118, 0.09231833723877426, 0.15528592385387113, 0.11302145362539234, 0.13009521233346522, 0.12777302390123368, 0.10462050584123622, 0.09748173259412889, 0.09215919685926532, 0.11701715496884707, 0.1], [0.1, 0.12562756900401137, 0.07442335095488184, 0.07378011174491676, 0.08719929214796779, 0.1276742228479738, 0.08383407274799695, 0.11939323302361786, 0.15457958900092789, 0.12353938224851078, 0.14334219127052658, 0.1290798563446237, 0.0770530195019576, 0.08885678760432764, 0.1], [0.1, 0.1, 0.1, 0.1, 0.1, 0.1, 0.1, 0.1, 0.1, 0.1, 0.1, 0.1, 0.1, 0.1, 0.1]], "velocity_v": [[0.1, 0.1, 0.1, 0.1, 0.1, 0.1, 0.1, 0.1, 0.1, 0.1, 0.1, 0.1, 0.1, 0.1, 0.1], [0.1, 0.1, 0.1, 0.1, 0.1, 0.1, 0.1, 0.1, 0.1, 0.1, 0.1, 0.1, 0.1, 0.1, 0.1], [0.1, 0.1, 0.1, 0.1, 0.1, 0.1, 0.1, 0.1, 0.1, 0.1, 0.1, 0.1, 0.1, 0.1, 0.1], [0.1, 0.1, 0.1, 0.1, 0.1, 0.1, 0.1, 0.1, 0.1, 0.1, 0.1, 0.1, 0.1, 0.1, 0.1], [0.1, 0.1, 0.1, 0.1, 0.1, 0.1, 0.1, 0.1, 0.1, 0.1, 0.1, 0.1, 0.1, 0.1, 0.1], [0.1, 0.1, 0.1, 0.1, 0.1, 0.1, 0.1, 0.1, 0.1, 0.1, 0.1, 0.1, 0.1, 0.1, 0.1], [0.1, 0.1, 0.1, 0.1, 0.1, 0.1, 0.1, 0.1, 0.1, 0.1, 0.1, 0.1, 0.1, 0.1, 0.1], [0.1, 0.1, 0.1, 0.1, 0.1, 0.1, 0.1, 0.1, 0.1, 0.1, 0.1, 0.1, 0.1, 0.1, 0.1], [0.1, 0.1, 0.1, 0.1, 0.1, 0.1, 0.1, 0.1, 0.1, 0.1, 0.1, 0.1, 0.1, 0.1, 0.1], [0.1, 0.1, 0.1, 0.1, 0.1, 0.1, 0.1, 0.1, 0.1, 0.1, 0.1, 0.1, 0.1, 0.1, 0.1], [0.1, 0.1, 0.1, 0.1, 0.1, 0.1, 0.1, 0.1, 0.1, 0.1, 0.1, 0.1, 0.1, 0.1, 0.1], [0.1, 0.1, 0.1, 0.1, 0.1, 0.1, 0.1, 0.1, 0.1, 0.1, 0.1, 0.1, 0.1, 0.1, 0.1], [0.1, 0.1, 0.1, 0.1, 0.1, 0.1, 0.1, 0.1, 0.1, 0.1, 0.1, 0.1, 0.1, 0.1, 0.1], [0.1, 0.1, 0.1, 0.1, 0.1, 0.1, 0.1, 0.1, 0.1, 0.1, 0.1, 0.1, 0.1, 0.1, 0.1], [0.1, 0.1, 0.1, 0.1, 0.1, 0.1, 0.1, 0.1, 0.1, 0.1, 0.1, 0.1, 0.1, 0.1, 0.1]],