{"generation": 40, "velocity_u": [[0.1, 0.1, 0.1, 0.1, 0.1, 0.1, 0.1, 0.1, 0.1, 0.1, 0.1, 0.1, 0.1, 0.1, 0.1], [0.1, 0.10041047655910537, 0.03969254933141844, 0.09557507718160389, 0.05382597210765897, 0.09560726003089554, 0.05741126237463112, 0.11017102981915182, 0.066471074292521, 0.06368829356150815, 0.1364865129289841, 0.05743920287750449, 0.06285964612959856, 0.09422850795094788, 0.1], [0.1, 0.0993393164241995, 0.20649868419763467, 0.09309281387159181, 0.10640220953070088, 0.12416845491943866, 0.13363961088501605, 0.05562633511304174, 0.042874011231049315, 0.1103218223432724, 0.09100442469714316, 0.06286915908547167, 0.06830076425905066, 0.14370657069013262, 0.1], [0.1, 0.07040551681803577, 0.11103244415009021, 0.03710259546327213, 0.10214101313407065, 0.08739842843774631, 0.08225038287386235, 0.14875897930024246, 0.08434473190893807, 0.08466696928323204, 0.011455635181735441, 0.1440832111714848, 0.0823604108642277, 0.08528584761965965, 0.1], [0.1, 0.0810773095247685, 0.09746055271342688, 0.10232637573758391, 0.03515405085306225, 0.0490128743121674, 0.04545067213187794, 0.11905908676133001, 0.1943135210396954, 0.06650719549561884, 0.0771401682990126, 0.07667161433710205, 0.0892095101341395, 0.12494840773324245, 0.1], [0.1, 0.06665090241737383, 0.07432588885214457, 0.13370957172404765, 0.15074003847889095, 0.08873733153580798, 0.1481398916859785, 0.09691347400280838, 0.0932701331635236, 0.05087551611258291, 0.1395041653719125, 0.07348644059637227, 0.12285528283417463, 0.07233773723050418, 0.1], [0.1, 0.11218982006403294, 0.19401257386935378, 0.08558199723921041, 0.06943112803407604, 0.1337746712913061, 0.1042413568143693, 0.07641370356040844, 0.10354472608540438, 0.1265053934152017, 0.11259562093337108, 0.06768550198241027, 0.17340933647286247, 0.056380895876296945, 0.1], [0.1, 0.13730246997994616, 0.0742137604544686, 0.1312482998762457, 0.06643724808325446, 0.013471128073204379, 0.1331319708613735, 0.10362256107569512, 0.082110158300531, 0.054623808542866255, 0.06189777061690297, 0.08796588856986366, 0.13038019263674272, 0.08562312399782529, 0.1], [0.1, 0.1183488781429008, 0.06087785956862339, 0.03916620592024306, 0.02062912761561809, 0.08485287825768154, 0.13504094179273668, 0.12692606435743212, 0.1502831812700411, 0.12674520248932045, 0.11538783479287307, 0.11621430507245638, 0.22622641262732557, 0.08720609443580325, 0.1], [0.1, 0.10060708797176106, 0.05833367322636759, 0.04084850984864312, 0.030922114202249412, 0.05537325578592447, 0.07111831970259916, 0.10572447988688621, 0.13062897224531902, 0.07437118097305571, 0.16153933420027936, 0.06459450391247303, 0.07504054228563856, 0.051169000608311976, 0.1], [0.1, 0.15536583555451214, 0.12195100294297652, 0.0744771113432312, 0.08316654089705834, 0.1004601477001561, 0.04695678722643658, 0.2021277001047192, 0.1049811739201843, 0.03607293911091966, 0.09327561724326999, 0.08881870755469388, 0.08960742502832597, 0.18320827969470938, 0.1], [0.1, 0.07726021866157831, 0.10480271948557997, 0.1205245449018913, 0.08926293911005105, 0.14723517076941464, 0.0664792327620132, 0.12072861048946726, 0.12171840638910444, 0.046285602854622965, 0.11373073035644572, 0.1264847809159385, 0.09250705988296866, 0.07064363435626407, 0.1], [0.1, 0.06166000663427951, 0.11341883141920392, 0.13826989561191108, 0.13769334393977256, 0.023655164246169605, 0.10722576338442004, 0.10233755467494582, 0.06587595146896641, 0.08377760524082238, 0.1251423599943397, 0.052911625681147725, 0.06585302297820873, 0.07694394171954946, 0.1], [0.1, 0.11935461851225017, 0.10783505845303928, 0.029505535758727407, 0.06950096363648574, 0.14813079952598032, 0.155442570125467, 0.11492628231551433, 0.14341047275892288, 0.12040953238853169, 0.11260833738727266, 0.12320683259522115, 0.10818741988572746, 0.08981190528481783, 0.1], [0.1, 0.1, 0.1, 0.1, 0.1, 0.1, 0.1, 0.1, 0.1, 0.1, 0.1, 0.1, 0.1, 0.1, 0.1]], "velocity_v": [[0.1, 0.1, 0.1, 0.1, 0.1, 0.1, 0.1, 0.1, 0.1, 0.1, 0.1, 0.1, 0.1, 0.1, 0.1], [0.1, 0.1, 0.1, 0.1, 0.1, 0.1, 0.1, 0.1, 0.1, 0.1, 0.1, 0.1, 0.1, 0.1, 0.1], [0.1, 0.1, 0.1, 0.1, 0.1, 0.1, 0.1, 0.1, 0.1, 0.1, 0.1, 0.1, 0.1, 0.1, 0.1], [0.1, 0.1, 0.1, 0.1, 0.1, 0.1, 0.1, 0.1, 0.1, 0.1, 0.1, 0.1, 0.1, 0.1, 0.1], [0.1, 0.1, 0.1, 0.1, 0.1, 0.1, 0.1, 0.1, 0.1, 0.1, 0.1, 0.1, 0.1, 0.1, 0.1], [0.1, 0.1, 0.1, 0.1, 0.1, 0.1, 0.1, 0.1, 0.1, 0.1, 0.1, 0.1, 0.1, 0.1, 0.1], [0.1, 0.1, 0.1, 0.1, 0.1, 0.1, 0.1, 0.1, 0.1, 0.1, 0.1, 0.1, 0.1, 0.1, 0.1], [0.1, 0.1, 0.1, 0.1, 0.1, 0.1, 0.1, 0.1, 0.1, 0.1, 0.1, 0.1, 0.1, 0.1, 0.1], [0.1, 0.1, 0.1, 0.1, 0.1, 0.1, 0.1, 0.1, 0.1, 0.1, 0.1, 0.1, 0.1, 0.1, 0.1], [0.1, 0.1, 0.1, 0.1, 0.1, 0.1, 0.1, 0.1, 0.1, 0.1, 0.1, 0.1, 0.1, 0.1, 0.1], [0.1, 0.1, 0.1, 0.1, 0.1, 0.1, 0.1, 0.1, 0.1, 0.1, 0.1, 0.1, 0.1, 0.1, 0.1], [0.1, 0.1, 0.1, 0.1, 0.1, 0.1, 0.1, 0.1, 0.1, 0.1, 0.1, 0.1, 0.1, 0.1, 0.1], [0.1, 0.1, 0.1, 0.1, 0.1, 0.1, 0.1, 0.1, 0.1, 0.1, 0.1, 0.1, 0.1, 0.1, 0.1], [0.1, 0.1, 0.1, 0.1, 0.1, 0.1, 0.1, 0.1, 0.1, 0.1, 0.1, 0.1, 0.1, 0.1, 0.1], [0.1, 0.1, 0.1, 0.1, 0.1, 0.1, 0.1, 0.1, 0.1, 0.1, 0.1, 0.1, 0.1, 0.1, 0.1]],