{"generation": 30, "velocity_u": [[0.1, 0.1, 0.1, 0.1, 0.1, 0.1, 0.1, 0.1, 0.1, 0.1, 0.1, 0.1, 0.1, 0.1, 0.1], [0.1, 0.11605747234428168, 0.08258573830531712, 0.04970829945664484, 0.058757778950690204, 0.09035304142031818, 0.0835607786808653, 0.09008249034657259, 0.053360249276030475, 0.06755550440015187, 0.09372611042571055, 0.07592768875714782, 0.05681018960406202, 0.11171318721642363, 0.1], [0.1, 0.06924077369908946, 0.18772773700129447, 0.10662377035136658, 0.08715977136418365, 0.09596722448940136, 0.12017362931887697, 0.09215418558833485, 0.04969214636872124, 0.11257307866209822, 0.07426511203783215, 0.12182645479558941, 0.07621450375979365, 0.13004723203763405, 0.1], [0.1, 0.06510265412563519, 0.05392510014801927, 0.0664127326350227, 0.06703630300667156, 0.06410475700195141, 0.07542313660924813, 0.17343530000642537, 0.1396370053580984, 0.05914066456176815, 0.04593128430382887, 0.11422252991547338, 0.11110197534724797, 0.0989617822058591, 0.1], [0.1, 0.07870182310026269, 0.11196698172487332, 0.1443262398426363, 0.05927098826111556, 0.06779592951451284, 0.08348182624671494, 0.07620866966480801, 0.16027750342108632, 0.04070068067492446, 0.12314986793723777, 0.06571792410911766, 0.1251154878702377, 0.09634234858757369, 0.1], [0.1, 0.08035547527614686, 0.09488614095267807, 0.07329422133846177, 0.1362160540575345, 0.10518377501911556, 0.14317440261762412, 0.10230469284016208, 0.0992566658669309, 0.06117267106919396, 0.09700895146655325, 0.09949869016538877, 0.1431232846324099, 0.04255512550554265, 0.1], [0.1, 0.17167046920327253, 0.13302462338933624, 0.08873387092812612, 0.05818086918470903, 0.10475874249726846, 0.10260225757241481, 0.08420553131669711, 0.1146540890122385, 0.1338903779698533, 0.07419726035805833, 0.07564891152196639, 0.18404345124235905, 0.07649566460771534, 0.1], [0.1, 0.13497452078930353, 0.03961241303825047, 0.12470113906031599, 0.07310263772451245, 0.025166079091131516, 0.12936248642349282, 0.13502399884770788, 0.10480031739053872, 0.07598960848687808, 0.06645671244036642, 0.09450343115424575, 0.1471488874454996, 0.09960480156100662, 0.1], [0.1, 0.09941597049721296, 0.0452801484081521, 0.05018552559789682, 0.03690923583465215, 0.08508625625913452, 0.09698265345574589, 0.11455766195035237, 0.15712904495737726, 0.11450064264523568, 0.1481239283802363, 0.08998298521562957, 0.15753876723070273, 0.06925528424367783, 0.1], [0.1, 0.12669780394300945, 0.08312131991470659, 0.07166447270273855, 0.07363018505435887, 0.05905974012582027, 0.07299318318446803, 0.13749362348871047, 0.08273668726473904, 0.056591073221189774, 0.11864049571072877, 0.05511267698543923, 0.06285260674809347, 0.09637442665317562, 0.1], [0.1, 0.1236411722346735, 0.15588647513220405, 0.1467552345691101, 0.11513771192298476, 0.13786051659582124, 0.05460992373301483, 0.14852404073984546, 0.10646794142014013, 0.08062174839038293, 0.11294157604617386, 0.09181694811269155, 0.0897014531704961, 0.14456850296203697, 0.1], [0.1, 0.059229155166305905, 0.11096477029317996, 0.10213994151519872, 0.09937484745075353, 0.11592119092256097, 0.08599892409364782, 0.08213849317920432, 0.09728234602722428, 0.06306828274900686, 0.12801859016744413, 0.08954004196414982, 0.06435376989481334, 0.0524572045870856, 0.1], [0.1, 0.0886263809803516, 0.1270539587755726, 0.08327936076192483, 0.10191913581559985, 0.059037479829468394, 0.1416433904347771, 0.13501345950510996, 0.08214836116523995, 0.10883346714404128, 0.09508711371212673, 0.07321185276643537, 0.10160366102484591, 0.10583408771135196, 0.1], [0.1, 0.11646044098098743, 0.09535484529341648, 0.054713619630538654, 0.08294778428232798, 0.146809712751329, 0.12371775500402728, 0.12833873312650074, 0.1737418362269779, 0.14937282474357028, 0.11874938211047037, 0.11033227899423421, 0.11496159483420396, 0.07567835074642917, 0.1], [0.1, 0.1, 0.1, 0.1, 0.1, 0.1, 0.1, 0.1, 0.1, 0.1, 0.1, 0.1, 0.1, 0.1, 0.1]], "velocity_v": [[0.1, 0.1, 0.1, 0.1, 0.1, 0.1, 0.1, 0.1, 0.1, 0.1, 0.1, 0.1, 0.1, 0.1, 0.1], [0.1, 0.1, 0.1, 0.1, 0.1, 0.1, 0.1, 0.1, 0.1, 0.1, 0.1, 0.1, 0.1, 0.1, 0.1], [0.1, 0.1, 0.1, 0.1, 0.1, 0.1, 0.1, 0.1, 0.1, 0.1, 0.1, 0.1, 0.1, 0.1, 0.1], [0.1, 0.1, 0.1, 0.1, 0.1, 0.1, 0.1, 0.1, 0.1, 0.1, 0.1, 0.1, 0.1, 0.1, 0.1], [0.1, 0.1, 0.1, 0.1, 0.1, 0.1, 0.1, 0.1, 0.1, 0.1, 0.1, 0.1, 0.1, 0.1, 0.1], [0.1, 0.1, 0.1, 0.1, 0.1, 0.1, 0.1, 0.1, 0.1, 0.1, 0.1, 0.1, 0.1, 0.1, 0.1], [0.1, 0.1, 0.1, 0.1, 0.1, 0.1, 0.1, 0.1, 0.1, 0.1, 0.1, 0.1, 0.1, 0.1, 0.1], [0.1, 0.1, 0.1, 0.1, 0.1, 0.1, 0.1, 0.1, 0.1, 0.1, 0.1, 0.1, 0.1, 0.1, 0.1], [0.1, 0.1, 0.1, 0.1, 0.1, 0.1, 0.1, 0.1, 0.1, 0.1, 0.1, 0.1, 0.1, 0.1, 0.1], [0.1, 0.1, 0.1, 0.1, 0.1, 0.1, 0.1, 0.1, 0.1, 0.1, 0.1, 0.1, 0.1, 0.1, 0.1], [0.1, 0.1, 0.1, 0.1, 0.1, 0.1, 0.1, 0.1, 0.1, 0.1, 0.1, 0.1, 0.1, 0.1, 0.1], [0.1, 0.1, 0.1, 0.1, 0.1, 0.1, 0.1, 0.1, 0.1, 0.1, 0.1, 0.1, 0.1, 0.1, 0.1], [0.1, 0.1, 0.1, 0.1, 0.1, 0.1, 0.1, 0.1, 0.1, 0.1, 0.1, 0.1, 0.1, 0.1, 0.1], [0.1, 0.1, 0.1, 0.1, 0.1, 0.1, 0.1, 0.1, 0.1, 0.1, 0.1, 0.1, 0.1, 0.1, 0.1], [0.1, 0.1, 0.1, 0.1, 0.1, 0.1, 0.1, 0.1, 0.1, 0.1, 0.1, 0.1, 0.1, 0.1, 0.1]],