{"generation": 29, "velocity_u": [[0.1, 0.1, 0.1, 0.1, 0.1, 0.1, 0.1, 0.1, 0.1, 0.1, 0.1, 0.1, 0.1, 0.1, 0.1], [0.1, 0.11106320550094886, 0.09585135834504502, 0.05851260076556008, 0.06108253822833786, 0.08332469415979722, 0.08952534854888468, 0.09536720878434395, 0.05931001562333849, 0.06645693678471536, 0.10015228307902699, 0.08311771760245536, 0.06573932044236033, 0.12142556448627001, 0.1], [0.1, 0.07247143759106325, 0.1776200402314646, 0.10059606716456018, 0.08257371134545378, 0.09613879722819477, 0.11267056505901572, 0.09125583716183266, 0.04328480787685972, 0.1190483139481738, 0.07687519676847629, 0.11818296966274876, 0.08513469876018828, 0.12729064138979626, 0.1], [0.1, 0.06993290694070052, 0.04513718288936454, 0.07269932599775947, 0.0738874430875002, 0.07196641594593274, 0.06797557276908285, 0.17961568181851126, 0.1372561308923412, 0.05679691943778689, 0.0473503224992976, 0.10755091181769412, 0.11386900745389271, 0.09894597062935298, 0.1], [0.1, 0.08593220860458592, 0.122288128691896, 0.1348259128855646, 0.06555799396237362, 0.07711859625799089, 0.09273861498419438, 0.0787979034433087, 0.14790779194960116, 0.04583020135801668, 0.12067736572161815, 0.058646178177573484, 0.1336997354780212, 0.09272409592346392, 0.1], [0.1, 0.09261781179600553, 0.092377569995713, 0.06766667281274553, 0.12727289562339378, 0.10638892055521136, 0.14607372305523755, 0.10782049159562256, 0.0917293361587039, 0.06863955567855176, 0.09731731118225244, 0.10124367460165265, 0.1376063143873113, 0.040208216203878044, 0.1], [0.1, 0.18106824622600493, 0.13658074784380062, 0.0898791505753376, 0.04832249254471396, 0.09139215796902034, 0.09948650196160846, 0.08457812447475327, 0.11101467093479067, 0.13553595057151047, 0.07077122333489731, 0.06805436901116073, 0.1819808387399312, 0.07220061642918588, 0.1], [0.1, 0.127283705436328, 0.03375142353428078, 0.11834705687403707, 0.07620153792131734, 0.03229469095028381, 0.133544301237356, 0.13924813555717636, 0.109019617084588, 0.07582276532442492, 0.05950952877578093, 0.09070053078811077, 0.1449937865606747, 0.10105007693931972, 0.1], [0.1, 0.09595091165678457, 0.04481211814637386, 0.056745877353953755, 0.02991047614385693, 0.0932648218403364, 0.10035319451615142, 0.12301504467317562, 0.1466489287136241, 0.10639389024682572, 0.14501001174047767, 0.08857777624684135, 0.1463946736770889, 0.0779362862562691, 0.1], [0.1, 0.12127442905625162, 0.08719759469479572, 0.07385772880290535, 0.08447308710757247, 0.06994272511789303, 0.07320189565402165, 0.13269625296141477, 0.07374223582852203, 0.049164014610195705, 0.12272555291559509, 0.05731310506670207, 0.058525614362640775, 0.09551497861126432, 0.1], [0.1, 0.11508225086754784, 0.15273737952356892, 0.14131322954703687, 0.12477418681064079, 0.13395658541877822, 0.05550396612890341, 0.13865510330963896, 0.10577801847736025, 0.08471553574522706, 0.11629953036333268, 0.08783334832151805, 0.09866372289558961, 0.1386838721142071, 0.1], [0.1, 0.06066239011086276, 0.10235195600403414, 0.09830362973369013, 0.09905401901332153, 0.1147228912337354, 0.08056480073908125, 0.08495702770411057, 0.09952593414311192, 0.056122888131180305, 0.12055510901465734, 0.08321735261402723, 0.0598867087952068, 0.04360981233427224, 0.1], [0.1, 0.08148465156542216, 0.11803796262080458, 0.08917497099497797, 0.09864977708632197, 0.06327948452294217, 0.15007193169720062, 0.13485437812644105, 0.08668786200160294, 0.10925697208135479, 0.08736009937481022, 0.07744557762339528, 0.10142937120264195, 0.11424839787399113, 0.1], [0.1, 0.1188900168063994, 0.08780358892478991, 0.06196664948971496, 0.09107327098066957, 0.13946199272391147, 0.1295818721309832, 0.11826068691490207, 0.1706263488589194, 0.15499080770159182, 0.11683220899944614, 0.10505145879475708, 0.10644193449272545, 0.08272980319354203, 0.1], [0.1, 0.1, 0.1, 0.1, 0.1, 0.1, 0.1, 0.1, 0.1, 0.1, 0.1, 0.1, 0.1, 0.1, 0.1]], "velocity_v": [[0.1, 0.1, 0.1, 0.1, 0.1, 0.1, 0.1, 0.1, 0.1, 0.1, 0.1, 0.1, 0.1, 0.1, 0.1], [0.1, 0.1, 0.1, 0.1, 0.1, 0.1, 0.1, 0.1, 0.1, 0.1, 0.1, 0.1, 0.1, 0.1, 0.1], [0.1, 0.1, 0.1, 0.1, 0.1, 0.1, 0.1, 0.1, 0.1, 0.1, 0.1, 0.1, 0.1, 0.1, 0.1], [0.1, 0.1, 0.1, 0.1, 0.1, 0.1, 0.1, 0.1, 0.1, 0.1, 0.1, 0.1, 0.1, 0.1, 0.1], [0.1, 0.1, 0.1, 0.1, 0.1, 0.1, 0.1, 0.1, 0.1, 0.1, 0.1, 0.1, 0.1, 0.1, 0.1], [0.1, 0.1, 0.1, 0.1, 0.1, 0.1, 0.1, 0.1, 0.1, 0.1, 0.1, 0.1, 0.1, 0.1, 0.1], [0.1, 0.1, 0.1, 0.1, 0.1, 0.1, 0.1, 0.1, 0.1, 0.1, 0.1, 0.1, 0.1, 0.1, 0.1], [0.1, 0.1, 0.1, 0.1, 0.1, 0.1, 0.1, 0.1, 0.1, 0.1, 0.1, 0.1, 0.1, 0.1, 0.1], [0.1, 0.1, 0.1, 0.1, 0.1, 0.1, 0.1, 0.1, 0.1, 0.1, 0.1, 0.1, 0.1, 0.1, 0.1], [0.1, 0.1, 0.1, 0.1, 0.1, 0.1, 0.1, 0.1, 0.1, 0.1, 0.1, 0.1, 0.1, 0.1, 0.1], [0.1, 0.1, 0.1, 0.1, 0.1, 0.1, 0.1, 0.1, 0.1, 0.1, 0.1, 0.1, 0.1, 0.1, 0.1], [0.1, 0.1, 0.1, 0.1, 0.1, 0.1, 0.1, 0.1, 0.1, 0.1, 0.1, 0.1, 0.1, 0.1, 0.1], [0.1, 0.1, 0.1, 0.1, 0.1, 0.1, 0.1, 0.1, 0.1, 0.1, 0.1, 0.1, 0.1, 0.1, 0.1], [0.1, 0.1, 0.1, 0.1, 0.1, 0.1, 0.1, 0.1, 0.1, 0.1, 0.1, 0.1, 0.1, 0.1, 0.1], [0.1, 0.1, 0.1, 0.1, 0.1, 0.1, 0.1, 0.1, 0.1, 0.1, 0.1, 0.1, 0.1, 0.1, 0.1]],