{"generation": 37, "velocity_u": [[0.1, 0.1, 0.1, 0.1, 0.1, 0.1, 0.1, 0.1, 0.1, 0.1, 0.1, 0.1, 0.1, 0.1, 0.1], [0.1, 0.09188371810563803, 0.06555969364643946, 0.07977528959374688, 0.04970283455372352, 0.11819072991965385, 0.07139859427459562, 0.08387781129188569, 0.05733462282368394, 0.0630546802385192, 0.121925678726199, 0.06009305366696727, 0.06684192850688729, 0.09228283006865216, 0.1], [0.1, 0.08692184073340804, 0.20166717908785065, 0.10789027223739192, 0.10815325901732031, 0.12098020520963675, 0.11293379699165981, 0.05088056844654429, 0.04749883665121716, 0.11046949632028888, 0.08215514609086469, 0.07350366199137538, 0.07395287822284727, 0.12944389235737502, 0.1], [0.1, 0.08849659560705331, 0.07470801779828877, 0.04303963451791222, 0.0831643355917311, 0.07642498334347769, 0.06972854794186033, 0.16714200199375445, 0.10721296047717857, 0.07991756949429937, 0.02726322239791798, 0.1358310866035371, 0.09015074741122736, 0.08384887346343965, 0.1], [0.1, 0.08021082664157723, 0.0969545835886187, 0.11974087378067702, 0.04091408909059693, 0.060536445655519716, 0.06067540460364827, 0.11029557079819811, 0.1803776815855962, 0.062012105454206275, 0.10280674587781252, 0.07643377027873088, 0.11747427317092321, 0.11315444843957946, 0.1], [0.1, 0.07126368702121852, 0.08423138535742668, 0.12743675971549553, 0.13700267066823496, 0.09118129627330272, 0.14900551116111355, 0.07413498676240014, 0.09343422107529367, 0.046244451066062106, 0.13030632873894335, 0.09292738921757691, 0.12749646212724236, 0.06770910661909746, 0.1], [0.1, 0.1378406829175355, 0.18433118003443388, 0.0753596688567446, 0.06282022746983454, 0.11150243647698567, 0.09344632580718237, 0.07405224801805338, 0.11197804347985518, 0.13121418059044984, 0.09269300348950223, 0.073021862353062, 0.1861232834166096, 0.0676953943519774, 0.1], [0.1, 0.15853077278161448, 0.06795129870930822, 0.11278927831202334, 0.07347055654229658, 0.03309010355409953, 0.1407847478485195, 0.1256795367974484, 0.08670974160674311, 0.0706341764337929, 0.05653256900849551, 0.09662837809946619, 0.14440285204925338, 0.09703502659644428, 0.1], [0.1, 0.10462741867476912, 0.05325412572113839, 0.05247924553745355, 0.019039973559632283, 0.09279486616453198, 0.12660489070958314, 0.12302173224214497, 0.15487549387690813, 0.1441179574911875, 0.12837280685313518, 0.11506812834465183, 0.2116033076686743, 0.0825424600482968, 0.1], [0.1, 0.11723231582170733, 0.05244422665171615, 0.048451175123788555, 0.03633180465325641, 0.055265889034893705, 0.07245616390588265, 0.12291957539873635, 0.12703118669498878, 0.06638064575305011, 0.1328293919474789, 0.056552521893682976, 0.054181442700185364, 0.061143760198307986, 0.1], [0.1, 0.1484030403989761, 0.12968741957056304, 0.09775543828016972, 0.1011535004957925, 0.11105660821962968, 0.048354751530566176, 0.20331196783086974, 0.10583963558516873, 0.0436000429600917, 0.09528597995339222, 0.10069600576966506, 0.0864725872010321, 0.18753713085400647, 0.1], [0.1, 0.07527346233026677, 0.10701249943377672, 0.12074732896832985, 0.09298796862999877, 0.13365554485964085, 0.06518311952727102, 0.09996923215105884, 0.1230645502346283, 0.04636273911477552, 0.1252043588069906, 0.11671450908947577, 0.08827930293866494, 0.06505427557246347, 0.1], [0.1, 0.06593105248786957, 0.11166156795367978, 0.1108233089538647, 0.1290544407464232, 0.045050261504151166, 0.1102945293299249, 0.09147329484655195, 0.05657073867435523, 0.07919261787709651, 0.11556499294119868, 0.0522037247770683, 0.07470765818147106, 0.08569134015802368, 0.1], [0.1, 0.12282558497109629, 0.10557401130938866, 0.03204943382254174, 0.059963817379860646, 0.15571295829701054, 0.1545117225824949, 0.13429514127860967, 0.14810113828624538, 0.12877003814760088, 0.10566214557786392, 0.12409542888828946, 0.12156204378828342, 0.08900142928837773, 0.1], [0.1, 0.1, 0.1, 0.1, 0.1, 0.1, 0.1, 0.1, 0.1, 0.1, 0.1, 0.1, 0.1, 0.1, 0.1]], "velocity_v": [[0.1, 0.1, 0.1, 0.1, 0.1, 0.1, 0.1, 0.1, 0.1, 0.1, 0.1, 0.1, 0.1, 0.1, 0.1], [0.1, 0.1, 0.1, 0.1, 0.1, 0.1, 0.1, 0.1, 0.1, 0.1, 0.1, 0.1, 0.1, 0.1, 0.1], [0.1, 0.1, 0.1, 0.1, 0.1, 0.1, 0.1, 0.1, 0.1, 0.1, 0.1, 0.1, 0.1, 0.1, 0.1], [0.1, 0.1, 0.1, 0.1, 0.1, 0.1, 0.1, 0.1, 0.1, 0.1, 0.1, 0.1, 0.1, 0.1, 0.1], [0.1, 0.1, 0.1, 0.1, 0.1, 0.1, 0.1, 0.1, 0.1, 0.1, 0.1, 0.1, 0.1, 0.1, 0.1], [0.1, 0.1, 0.1, 0.1, 0.1, 0.1, 0.1, 0.1, 0.1, 0.1, 0.1, 0.1, 0.1, 0.1, 0.1], [0.1, 0.1, 0.1, 0.1, 0.1, 0.1, 0.1, 0.1, 0.1, 0.1, 0.1, 0.1, 0.1, 0.1, 0.1], [0.1, 0.1, 0.1, 0.1, 0.1, 0.1, 0.1, 0.1, 0.1, 0.1, 0.1, 0.1, 0.1, 0.1, 0.1], [0.1, 0.1, 0.1, 0.1, 0.1, 0.1, 0.1, 0.1, 0.1, 0.1, 0.1, 0.1, 0.1, 0.1, 0.1], [0.1, 0.1, 0.1, 0.1, 0.1, 0.1, 0.1, 0.1, 0.1, 0.1, 0.1, 0.1, 0.1, 0.1, 0.1], [0.1, 0.1, 0.1, 0.1, 0.1, 0.1, 0.1, 0.1, 0.1, 0.1, 0.1, 0.1, 0.1, 0.1, 0.1], [0.1, 0.1, 0.1, 0.1, 0.1, 0.1, 0.1, 0.1, 0.1, 0.1, 0.1, 0.1, 0.1, 0.1, 0.1], [0.1, 0.1, 0.1, 0.1, 0.1, 0.1, 0.1, 0.1, 0.1, 0.1, 0.1, 0.1, 0.1, 0.1, 0.1], [0.1, 0.1, 0.1, 0.1, 0.1, 0.1, 0.1, 0.1, 0.1, 0.1, 0.1, 0.1, 0.1, 0.1, 0.1], [0.1, 0.1, 0.1, 0.1, 0.1, 0.1, 0.1, 0.1, 0.1, 0.1, 0.1, 0.1, 0.1, 0.1, 0.1]],