{"generation": 23, "velocity_u": [[0.1, 0.1, 0.1, 0.1, 0.1, 0.1, 0.1, 0.1, 0.1, 0.1, 0.1, 0.1, 0.1, 0.1, 0.1], [0.1, 0.0907205203331631, 0.12178131285149246, 0.06684353966947268, 0.06666499788412643, 0.08135622401667747, 0.07893472211955718, 0.08833001198928972, 0.03482401478783825, 0.0937074528356822, 0.07317974982570521, 0.08567641192413904, 0.08827974356800099, 0.12312287885172966, 0.1], [0.1, 0.07143044304093907, 0.14107518415060383, 0.12059869888387888, 0.08333160766876982, 0.08046753952202419, 0.11000661469674995, 0.10829944069859465, 0.07655984228506962, 0.10157395553115997, 0.06991905626569667, 0.09475748151310281, 0.10664571862084118, 0.0898595847053107, 0.1], [0.1, 0.07275878392026189, 0.058230873820062784, 0.06005881335725386, 0.076425013457737, 0.0673651783126521, 0.06727831665309525, 0.1557828881020646, 0.14033836586043072, 0.059499118643419294, 0.07495503026414463, 0.08023292899932993, 0.11652815346858551, 0.09498295397311615, 0.1], [0.1, 0.08722856349383126, 0.14291822485656824, 0.11231507499778572, 0.07798776404946843, 0.06877688451480256, 0.08331499050236216, 0.06480823837912608, 0.10725587919277456, 0.042244585886307556, 0.11741425699424658, 0.07475159631500082, 0.10401291274073952, 0.10393947872716156, 0.1], [0.1, 0.1179650055627238, 0.07514467745874362, 0.06664723077883805, 0.123301272547074, 0.09464936175108371, 0.1477628781043728, 0.10007727304478117, 0.0967427685449779, 0.10415285974029174, 0.08928441053528548, 0.10843419604716192, 0.16813637836173184, 0.036300164423879816, 0.1], [0.1, 0.14572428408869426, 0.13040085615482785, 0.0973295643318135, 0.030381021630225005, 0.07201223791035538, 0.08813400793633462, 0.10111073871570705, 0.10536903672806577, 0.12470803875978453, 0.08019749834290983, 0.07752137624735722, 0.14412270303318547, 0.09275415447410876, 0.1], [0.1, 0.11202223035400492, 0.035125190173816496, 0.12230654350139064, 0.08757651347893204, 0.06606063321095519, 0.149736131513798, 0.16215908661942524, 0.0976245849867845, 0.07068868463532689, 0.09123395608317128, 0.08509752010357886, 0.12954814638285628, 0.08913856823808192, 0.1], [0.1, 0.08465256460877629, 0.06624081027158522, 0.05598478082835969, 0.0428902251611324, 0.09549153769204641, 0.09666981841013617, 0.13227367423057523, 0.11195197517658467, 0.10533128169290323, 0.14878987199332427, 0.09071207036411276, 0.11976390648449656, 0.08224573542902007, 0.1], [0.1, 0.11235352963679845, 0.12529694386887194, 0.09192793962882864, 0.07650194233846515, 0.08419253640062276, 0.07760985348806249, 0.12653219134700647, 0.07796864056273978, 0.06535180514412152, 0.10767434232038918, 0.05654231824312592, 0.06671286909927959, 0.11951586139484165, 0.1], [0.1, 0.10903724833322073, 0.15377636815001475, 0.15993598030510464, 0.1219266116956557, 0.1484591555552126, 0.07819531875830901, 0.12024963694373572, 0.0837987571089858, 0.09836202366319739, 0.10674643841253693, 0.08257645407946759, 0.10806852268372731, 0.10669863649609718, 0.1], [0.1, 0.08022385285872784, 0.0929134970316854, 0.0850327721189721, 0.07511654334521124, 0.08503137208607592, 0.08991369989739775, 0.0987212989906026, 0.11409817450274823, 0.08765524157082141, 0.10893950451932992, 0.08129135437724881, 0.07965306306305137, 0.04077817123505747, 0.1], [0.1, 0.11864088396056616, 0.10197793866026914, 0.1041848782696924, 0.1176771164635071, 0.0827272620788178, 0.17116504572920613, 0.11440532480079686, 0.10673641887520412, 0.12393123051497167, 0.09841473233052175, 0.0764510939034056, 0.10047984347413931, 0.11802330573714212, 0.1], [0.1, 0.12741381854952155, 0.06219479016096477, 0.06488014402067666, 0.08564998903190665, 0.14855664327947016, 0.09125557191441103, 0.11279046664916631, 0.15686178195574696, 0.12735341419098392, 0.126534356267107, 0.11888185856056824, 0.08248374415210638, 0.08639011844426248, 0.1], [0.1, 0.1, 0.1, 0.1, 0.1, 0.1, 0.1, 0.1, 0.1, 0.1, 0.1, 0.1, 0.1, 0.1, 0.1]], "velocity_v": [[0.1, 0.1, 0.1, 0.1, 0.1, 0.1, 0.1, 0.1, 0.1, 0.1, 0.1, 0.1, 0.1, 0.1, 0.1], [0.1, 0.1, 0.1, 0.1, 0.1, 0.1, 0.1, 0.1, 0.1, 0.1, 0.1, 0.1, 0.1, 0.1, 0.1], [0.1, 0.1, 0.1, 0.1, 0.1, 0.1, 0.1, 0.1, 0.1, 0.1, 0.1, 0.1, 0.1, 0.1, 0.1], [0.1, 0.1, 0.1, 0.1, 0.1, 0.1, 0.1, 0.1, 0.1, 0.1, 0.1, 0.1, 0.1, 0.1, 0.1], [0.1, 0.1, 0.1, 0.1, 0.1, 0.1, 0.1, 0.1, 0.1, 0.1, 0.1, 0.1, 0.1, 0.1, 0.1], [0.1, 0.1, 0.1, 0.1, 0.1, 0.1, 0.1, 0.1, 0.1, 0.1, 0.1, 0.1, 0.1, 0.1, 0.1], [0.1, 0.1, 0.1, 0.1, 0.1, 0.1, 0.1, 0.1, 0.1, 0.1, 0.1, 0.1, 0.1, 0.1, 0.1], [0.1, 0.1, 0.1, 0.1, 0.1, 0.1, 0.1, 0.1, 0.1, 0.1, 0.1, 0.1, 0.1, 0.1, 0.1], [0.1, 0.1, 0.1, 0.1, 0.1, 0.1, 0.1, 0.1, 0.1, 0.1, 0.1, 0.1, 0.1, 0.1, 0.1], [0.1, 0.1, 0.1, 0.1, 0.1, 0.1, 0.1, 0.1, 0.1, 0.1, 0.1, 0.1, 0.1, 0.1, 0.1], [0.1, 0.1, 0.1, 0.1, 0.1, 0.1, 0.1, 0.1, 0.1, 0.1, 0.1, 0.1, 0.1, 0.1, 0.1], [0.1, 0.1, 0.1, 0.1, 0.1, 0.1, 0.1, 0.1, 0.1, 0.1, 0.1, 0.1, 0.1, 0.1, 0.1], [0.1, 0.1, 0.1, 0.1, 0.1, 0.1, 0.1, 0.1, 0.1, 0.1, 0.1, 0.1, 0.1, 0.1, 0.1], [0.1, 0.1, 0.1, 0.1, 0.1, 0.1, 0.1, 0.1, 0.1, 0.1, 0.1, 0.1, 0.1, 0.1, 0.1], [0.1, 0.1, 0.1, 0.1, 0.1, 0.1, 0.1, 0.1, 0.1, 0.1, 0.1, 0.1, 0.1, 0.1, 0.1]],