{"generation": 5, "velocity_u": [[0.1, 0.1, 0.1, 0.1, 0.1, 0.1, 0.1, 0.1, 0.1, 0.1, 0.1, 0.1, 0.1, 0.1, 0.1], [0.1, 0.11745284313139275, 0.11218685065251494, 0.08746516622088438, 0.07954085651542821, 0.0879767218952379, 0.08725144618899822, 0.09171348842982567, 0.09490217361979805, 0.10156670915702204, 0.07732239604563906, 0.11174496942718903, 0.08568798349290842, 0.1087168649398265, 0.1], [0.1, 0.07637555081335867, 0.08608361543154176, 0.09077253351868275, 0.09065274261499105, 0.10731253146554609, 0.10871165800672626, 0.11775215854426793, 0.11000708944087756, 0.09444461387385013, 0.09726328742776098, 0.08853538911473106, 0.09502388099125798, 0.08421558950437132, 0.1], [0.1, 0.09666827899658587, 0.10265994000825471, 0.09491291849667463, 0.08252685356946206, 0.10737145751950267, 0.11282550349782453, 0.07551560650324045, 0.09161843361337285, 0.0660215399195826, 0.09943698768544874, 0.07469986238432362, 0.09774724870648076, 0.10648930402806712, 0.1], [0.1, 0.11169400717798954, 0.1125321222291805, 0.093118936607808, 0.10273008697330989, 0.09631838195437918, 0.10672375478524058, 0.08626754666735982, 0.09888573368327122, 0.11785369222605807, 0.10161420339172333, 0.08650235056847218, 0.11310792633035094, 0.10264209357692711, 0.1], [0.1, 0.10981521826289806, 0.07878532747981298, 0.1070894690977723, 0.09829810036507898, 0.08803631010773606, 0.09531068752864758, 0.11679279737591612, 0.11423949779016955, 0.08166425861111748, 0.07641994728648474, 0.11237348170532963, 0.10394628261643075, 0.09707839498524821, 0.1], [0.1, 0.07795722668794668, 0.10822408367497179, 0.12698351821019718, 0.06321305582345596, 0.08783347912897727, 0.10652534744329371, 0.10049854403781908, 0.10178986077153343, 0.08243861127191779, 0.09258431876799615, 0.07002251909945799, 0.09709483536057525, 0.10038346972944893, 0.1], [0.1, 0.08881310669025475, 0.09701320320006102, 0.10221663226440406, 0.09188296880675587, 0.10124996854060263, 0.09567933886956212, 0.12430440493316103, 0.10681965525704973, 0.0987091980540175, 0.0950684021808908, 0.11429411766872592, 0.1154881016256343, 0.09139538590238405, 0.1], [0.1, 0.11275937152983466, 0.10582772535165166, 0.11088891952731733, 0.09625599054358859, 0.1062408668163277, 0.08659000363610514, 0.09099786836909517, 0.11535115375739262, 0.07751508200185456, 0.10870658206031741, 0.10101904496564021, 0.08459553152377432, 0.1016629002106623, 0.1], [0.1, 0.10095495402980871, 0.10114647623021833, 0.09741909259685128, 0.09909381922259657, 0.1066989083187022, 0.10109545063865957, 0.08070131272556653, 0.09241655000800106, 0.11026816278211271, 0.1062599198549425, 0.0990898971506035, 0.10161559759498252, 0.10734848473697868, 0.1], [0.1, 0.10807748856592722, 0.09796535298592576, 0.11543070460732689, 0.08547167240932625, 0.10520271528665788, 0.12803075383631704, 0.1258011902102015, 0.09478876913651524, 0.11750620505834279, 0.11875288482367245, 0.09561602908159789, 0.11725376315230115, 0.09319198824691911, 0.1], [0.1, 0.0996297534263405, 0.08871069635490879, 0.08000117518961017, 0.1290655340628632, 0.09350001458584442, 0.10634513324175601, 0.09711934543962339, 0.11601710620417413, 0.10400907038780838, 0.09978979579230174, 0.07963770411034843, 0.10836516045284816, 0.09550657937199578, 0.1], [0.1, 0.10256283778200245, 0.12238049219336627, 0.1013941155673184, 0.10337147632133209, 0.112279021970418, 0.08411338216569186, 0.09213080916508422, 0.10248744691844654, 0.11980155899481633, 0.10159935141849956, 0.09245199070173117, 0.10423948884880091, 0.11923108256846005, 0.1], [0.1, 0.09597202288731327, 0.08486927395545306, 0.07178518456498977, 0.10089243455964098, 0.10593166900524627, 0.09025118239325958, 0.09861300879968049, 0.11704910086801103, 0.1004127002594611, 0.09866508434519056, 0.08980904847874253, 0.1087431230923302, 0.08254818618347601, 0.1], [0.1, 0.1, 0.1, 0.1, 0.1, 0.1, 0.1, 0.1, 0.1, 0.1, 0.1, 0.1, 0.1, 0.1, 0.1]], "velocity_v": [[0.1, 0.1, 0.1, 0.1, 0.1, 0.1, 0.1, 0.1, 0.1, 0.1, 0.1, 0.1, 0.1, 0.1, 0.1], [0.1, 0.1, 0.1, 0.1, 0.1, 0.1, 0.1, 0.1, 0.1, 0.1, 0.1, 0.1, 0.1, 0.1, 0.1], [0.1, 0.1, 0.1, 0.1, 0.1, 0.1, 0.1, 0.1, 0.1, 0.1, 0.1, 0.1, 0.1, 0.1, 0.1], [0.1, 0.1, 0.1, 0.1, 0.1, 0.1, 0.1, 0.1, 0.1, 0.1, 0.1, 0.1, 0.1, 0.1, 0.1], [0.1, 0.1, 0.1, 0.1, 0.1, 0.1, 0.1, 0.1, 0.1, 0.1, 0.1, 0.1, 0.1, 0.1, 0.1], [0.1, 0.1, 0.1, 0.1, 0.1, 0.1, 0.1, 0.1, 0.1, 0.1, 0.1, 0.1, 0.1, 0.1, 0.1], [0.1, 0.1, 0.1, 0.1, 0.1, 0.1, 0.1, 0.1, 0.1, 0.1, 0.1, 0.1, 0.1, 0.1, 0.1], [0.1, 0.1, 0.1, 0.1, 0.1, 0.1, 0.1, 0.1, 0.1, 0.1, 0.1, 0.1, 0.1, 0.1, 0.1], [0.1, 0.1, 0.1, 0.1, 0.1, 0.1, 0.1, 0.1, 0.1, 0.1, 0.1, 0.1, 0.1, 0.1, 0.1], [0.1, 0.1, 0.1, 0.1, 0.1, 0.1, 0.1, 0.1, 0.1, 0.1, 0.1, 0.1, 0.1, 0.1, 0.1], [0.1, 0.1, 0.1, 0.1, 0.1, 0.1, 0.1, 0.1, 0.1, 0.1, 0.1, 0.1, 0.1, 0.1, 0.1], [0.1, 0.1, 0.1, 0.1, 0.1, 0.1, 0.1, 0.1, 0.1, 0.1, 0.1, 0.1, 0.1, 0.1, 0.1], [0.1, 0.1, 0.1, 0.1, 0.1, 0.1, 0.1, 0.1, 0.1, 0.1, 0.1, 0.1, 0.1, 0.1, 0.1], [0.1, 0.1, 0.1, 0.1, 0.1, 0.1, 0.1, 0.1, 0.1, 0.1, 0.1, 0.1, 0.1, 0.1, 0.1], [0.1, 0.1, 0.1, 0.1, 0.1, 0.1, 0.1, 0.1, 0.1, 0.1, 0.1, 0.1, 0.1, 0.1, 0.1]],