{"generation": 41, "velocity_u": [[0.1, 0.1, 0.1, 0.1, 0.1, 0.1, 0.1, 0.1, 0.1, 0.1, 0.1, 0.1, 0.1, 0.1, 0.1], [0.1, 0.10945892207706834, 0.03848143454798453, 0.1033242731623681, 0.06184209497088615, 0.09502592165424076, 0.06514671955067335, 0.10554218307220557, 0.06543395709141504, 0.07050020828439472, 0.13877583418882344, 0.06424267011959896, 0.0693476509905703, 0.08516061300390233, 0.1], [0.1, 0.09629679184400544, 0.19245411379658847, 0.10109307432054922, 0.09490368313000316, 0.13012962179375084, 0.1300879981155238, 0.06296307731009967, 0.03314851900716395, 0.10256964458014882, 0.09479910784172219, 0.06196886862090582, 0.0721845980819596, 0.14625311053212559, 0.1], [0.1, 0.06835350902888637, 0.12364373660906534, 0.03874358228707099, 0.10849622841256512, 0.09289554410270683, 0.07699456579240861, 0.13511327981042107, 0.0735748719266379, 0.08567112325141976, 0.006024253263298343, 0.13712155509243174, 0.07466725632641355, 0.07696361688954743, 0.1], [0.1, 0.07733923304938346, 0.098285472805821, 0.09572382380086837, 0.02568858078474459, 0.04099325410036062, 0.0494838384899126, 0.12239163359371895, 0.20269499159731366, 0.07271737509115514, 0.07722752616228992, 0.08175009061648505, 0.08628786837092237, 0.13317850468373962, 0.1], [0.1, 0.06599007172949437, 0.07483636538130523, 0.13693239093398304, 0.1535946923837641, 0.08716499251693974, 0.13509128315617694, 0.10094498715589396, 0.09049566502984592, 0.05364858561845463, 0.13340344660981934, 0.07267537923213034, 0.1161584072735111, 0.0761997654303389, 0.1], [0.1, 0.10256749589626143, 0.19262567400293906, 0.07593055278078617, 0.06830650104875463, 0.13321703717371203, 0.11196109371443692, 0.08590078004964952, 0.09712222099909137, 0.13131286103511947, 0.12653485845082818, 0.06407569866094126, 0.16341176801975052, 0.05696282233255759, 0.1], [0.1, 0.14414491432850687, 0.07033061512611015, 0.13742223641686405, 0.06806245251756318, 0.009270512018064492, 0.12546418596289052, 0.09291987864951953, 0.08592421677548823, 0.0588256429960695, 0.06842752423582449, 0.08903160942909076, 0.11778995460808295, 0.08733581697676926, 0.1], [0.1, 0.12918318783442628, 0.06995588994628499, 0.03896247637123475, 0.02165845687996225, 0.082681424950125, 0.13979044309386066, 0.1289036499684086, 0.13966803350942888, 0.13517673141773057, 0.10028806970380284, 0.11550501325588908, 0.22276293410171605, 0.08300437565551262, 0.1], [0.1, 0.0936231892713961, 0.04672502641432388, 0.03535481847328294, 0.0366038181946945, 0.06393655376672902, 0.06488624722966041, 0.09732300085862972, 0.14067525340008447, 0.08058832347731583, 0.17131552148309204, 0.061557883450166564, 0.07070412041006047, 0.05321016802217246, 0.1], [0.1, 0.1655346944914961, 0.1234636872206836, 0.07649062077433828, 0.08676001395555805, 0.0994722352714719, 0.05604560344482878, 0.20131561956996494, 0.10809369877450464, 0.031455629286560365, 0.09397180995577839, 0.08276157731439877, 0.09267209286884477, 0.18590877787463156, 0.1], [0.1, 0.08024424842134982, 0.11019474933600308, 0.12088271244671757, 0.08067990394314867, 0.1456215713357909, 0.06931047142307054, 0.12429437331339245, 0.11476614036634696, 0.050009782612979004, 0.1033183567924072, 0.12435659022041302, 0.08789497544596055, 0.077897033146117, 0.1], [0.1, 0.05361055385458842, 0.11345659972589175, 0.14336542277903383, 0.14894742586653642, 0.020618254334491798, 0.09706211943593229, 0.1046101271486655, 0.06718699663511979, 0.07652969477689568, 0.12646958355189375, 0.05121444697726718, 0.07254349670688832, 0.07881064737076386, 0.1], [0.1, 0.12232792204327433, 0.10875282576713215, 0.025784638491612152, 0.07127149450233902, 0.1518361050128285, 0.1510475354624557, 0.11491136201962938, 0.14744492653984828, 0.12826382091523775, 0.1220236303745851, 0.1169328809730656, 0.10440843984147165, 0.08130447874095838, 0.1], [0.1, 0.1, 0.1, 0.1, 0.1, 0.1, 0.1, 0.1, 0.1, 0.1, 0.1, 0.1, 0.1, 0.1, 0.1]], "velocity_v": [[0.1, 0.1, 0.1, 0.1, 0.1, 0.1, 0.1, 0.1, 0.1, 0.1, 0.1, 0.1, 0.1, 0.1, 0.1], [0.1, 0.1, 0.1, 0.1, 0.1, 0.1, 0.1, 0.1, 0.1, 0.1, 0.1, 0.1, 0.1, 0.1, 0.1], [0.1, 0.1, 0.1, 0.1, 0.1, 0.1, 0.1, 0.1, 0.1, 0.1, 0.1, 0.1, 0.1, 0.1, 0.1], [0.1, 0.1, 0.1, 0.1, 0.1, 0.1, 0.1, 0.1, 0.1, 0.1, 0.1, 0.1, 0.1, 0.1, 0.1], [0.1, 0.1, 0.1, 0.1, 0.1, 0.1, 0.1, 0.1, 0.1, 0.1, 0.1, 0.1, 0.1, 0.1, 0.1], [0.1, 0.1, 0.1, 0.1, 0.1, 0.1, 0.1, 0.1, 0.1, 0.1, 0.1, 0.1, 0.1, 0.1, 0.1], [0.1, 0.1, 0.1, 0.1, 0.1, 0.1, 0.1, 0.1, 0.1, 0.1, 0.1, 0.1, 0.1, 0.1, 0.1], [0.1, 0.1, 0.1, 0.1, 0.1, 0.1, 0.1, 0.1, 0.1, 0.1, 0.1, 0.1, 0.1, 0.1, 0.1], [0.1, 0.1, 0.1, 0.1, 0.1, 0.1, 0.1, 0.1, 0.1, 0.1, 0.1, 0.1, 0.1, 0.1, 0.1], [0.1, 0.1, 0.1, 0.1, 0.1, 0.1, 0.1, 0.1, 0.1, 0.1, 0.1, 0.1, 0.1, 0.1, 0.1], [0.1, 0.1, 0.1, 0.1, 0.1, 0.1, 0.1, 0.1, 0.1, 0.1, 0.1, 0.1, 0.1, 0.1, 0.1], [0.1, 0.1, 0.1, 0.1, 0.1, 0.1, 0.1, 0.1, 0.1, 0.1, 0.1, 0.1, 0.1, 0.1, 0.1], [0.1, 0.1, 0.1, 0.1, 0.1, 0.1, 0.1, 0.1, 0.1, 0.1, 0.1, 0.1, 0.1, 0.1, 0.1], [0.1, 0.1, 0.1, 0.1, 0.1, 0.1, 0.1, 0.1, 0.1, 0.1, 0.1, 0.1, 0.1, 0.1, 0.1], [0.1, 0.1, 0.1, 0.1, 0.1, 0.1, 0.1, 0.1, 0.1, 0.1, 0.1, 0.1, 0.1, 0.1, 0.1]],