{"generation": 13, "velocity_u": [[0.1, 0.1, 0.1, 0.1, 0.1, 0.1, 0.1, 0.1, 0.1, 0.1, 0.1, 0.1, 0.1, 0.1, 0.1], [0.1, 0.10567153911320748, 0.13141935956169115, 0.10824074376873681, 0.0678536111619132, 0.07793636584090383, 0.10902071403545995, 0.08940404286711513, 0.07534835802150497, 0.09237357604656003, 0.057565398321204914, 0.08282056106103783, 0.08606979125975187, 0.10087784185376494, 0.1], [0.1, 0.060189166423937256, 0.09518502446228047, 0.13029430801310798, 0.07346622674131942, 0.0679850294017313, 0.12011716264588802, 0.14811541703434938, 0.10898779680342625, 0.08775023532100551, 0.08837334187716286, 0.1017542234930435, 0.11301714467862578, 0.08384768016565887, 0.1], [0.1, 0.06639965749583883, 0.09162124099812174, 0.0899901549322554, 0.05289065812109924, 0.08654979780547316, 0.10184996482715537, 0.1187655942688801, 0.1230942854380148, 0.045993277264034585, 0.067648804872703, 0.08739604693813809, 0.08478177087683944, 0.101898140391394, 0.1], [0.1, 0.11679656893991144, 0.14239993066966136, 0.1119006914720979, 0.0977408001508321, 0.07573078460588072, 0.13706026691557052, 0.07647071782981056, 0.08295974842770083, 0.10175368492073618, 0.1155956751567677, 0.06110155137453657, 0.11836138599021218, 0.096922081730457, 0.1], [0.1, 0.1277522704768551, 0.06291038814795258, 0.081121779205932, 0.08560238566864928, 0.09338648933526804, 0.10894291572640834, 0.13059607327062772, 0.0946241474006472, 0.10384093638766424, 0.09236644600711205, 0.12122682401657217, 0.11604090973094369, 0.07074684903809669, 0.1], [0.1, 0.10765237083335108, 0.10185287690917137, 0.12010484602655394, 0.07350941936103074, 0.09206392231202988, 0.08760747832564163, 0.14282254692772597, 0.1019759597078493, 0.09536248822843049, 0.0923531350069212, 0.069447355020735, 0.08370183265199593, 0.10349472869152739, 0.1], [0.1, 0.07136007401318757, 0.07375959404401566, 0.10789078923696628, 0.083821719141406, 0.09585668203404278, 0.1349372089584795, 0.1277842536213263, 0.10431794755927161, 0.08794846380619167, 0.12994736542595337, 0.09714556962257347, 0.1210980453186393, 0.10085684810589085, 0.1], [0.1, 0.10439370048832074, 0.10622414892569434, 0.08556748913601016, 0.06830106724062668, 0.11645660152550606, 0.07541868494970441, 0.11757765812734605, 0.10873879927944952, 0.09444468649775126, 0.11243750707257144, 0.08804280343930665, 0.07465135287465678, 0.13249944758072546, 0.1], [0.1, 0.10100717819026027, 0.10718212195245706, 0.11540634607785849, 0.10912075582686949, 0.1243164439935938, 0.08269571105537715, 0.09142549056849972, 0.09075886444806358, 0.07601084837391128, 0.08294190372186828, 0.07080528791182028, 0.09260091282099968, 0.11177592400052433, 0.1], [0.1, 0.0925952758950813, 0.09215609277364845, 0.1338482696475096, 0.08836598612890298, 0.11654627477515679, 0.10721930584978624, 0.10464163585346388, 0.09841117318312192, 0.11064413968597443, 0.10011638889686844, 0.11231420323246458, 0.12561919002483737, 0.08644665218562826, 0.1], [0.1, 0.0981534619948447, 0.06271695843179109, 0.08104634142594772, 0.11407172523499841, 0.08756891897132052, 0.1438331445918729, 0.083822212888746, 0.12160080885792765, 0.10153564969306181, 0.12299945295822602, 0.08234077574937092, 0.08438699638743387, 0.0888090093679519, 0.1], [0.1, 0.12202750324119528, 0.10526214590007167, 0.11456737866212069, 0.11014984729300523, 0.08908865807241546, 0.12632199851190734, 0.11331749411735866, 0.11495879952922947, 0.13648447840213215, 0.09647739581361145, 0.11274961270633706, 0.08304213405770512, 0.1167894838405382, 0.1], [0.1, 0.12060791245140798, 0.08454770672747582, 0.06511240159525761, 0.08889502035801385, 0.12406313337471749, 0.08015978124275483, 0.11638934014952054, 0.12336255351256417, 0.126076696882371, 0.12455993406058491, 0.09800571696343997, 0.09776004712612266, 0.10296343713798761, 0.1], [0.1, 0.1, 0.1, 0.1, 0.1, 0.1, 0.1, 0.1, 0.1, 0.1, 0.1, 0.1, 0.1, 0.1, 0.1]], "velocity_v": [[0.1, 0.1, 0.1, 0.1, 0.1, 0.1, 0.1, 0.1, 0.1, 0.1, 0.1, 0.1, 0.1, 0.1, 0.1], [0.1, 0.1, 0.1, 0.1, 0.1, 0.1, 0.1, 0.1, 0.1, 0.1, 0.1, 0.1, 0.1, 0.1, 0.1], [0.1, 0.1, 0.1, 0.1, 0.1, 0.1, 0.1, 0.1, 0.1, 0.1, 0.1, 0.1, 0.1, 0.1, 0.1], [0.1, 0.1, 0.1, 0.1, 0.1, 0.1, 0.1, 0.1, 0.1, 0.1, 0.1, 0.1, 0.1, 0.1, 0.1], [0.1, 0.1, 0.1, 0.1, 0.1, 0.1, 0.1, 0.1, 0.1, 0.1, 0.1, 0.1, 0.1, 0.1, 0.1], [0.1, 0.1, 0.1, 0.1, 0.1, 0.1, 0.1, 0.1, 0.1, 0.1, 0.1, 0.1, 0.1, 0.1, 0.1], [0.1, 0.1, 0.1, 0.1, 0.1, 0.1, 0.1, 0.1, 0.1, 0.1, 0.1, 0.1, 0.1, 0.1, 0.1], [0.1, 0.1, 0.1, 0.1, 0.1, 0.1, 0.1, 0.1, 0.1, 0.1, 0.1, 0.1, 0.1, 0.1, 0.1], [0.1, 0.1, 0.1, 0.1, 0.1, 0.1, 0.1, 0.1, 0.1, 0.1, 0.1, 0.1, 0.1, 0.1, 0.1], [0.1, 0.1, 0.1, 0.1, 0.1, 0.1, 0.1, 0.1, 0.1, 0.1, 0.1, 0.1, 0.1, 0.1, 0.1], [0.1, 0.1, 0.1, 0.1, 0.1, 0.1, 0.1, 0.1, 0.1, 0.1, 0.1, 0.1, 0.1, 0.1, 0.1], [0.1, 0.1, 0.1, 0.1, 0.1, 0.1, 0.1, 0.1, 0.1, 0.1, 0.1, 0.1, 0.1, 0.1, 0.1], [0.1, 0.1, 0.1, 0.1, 0.1, 0.1, 0.1, 0.1, 0.1, 0.1, 0.1, 0.1, 0.1, 0.1, 0.1], [0.1, 0.1, 0.1, 0.1, 0.1, 0.1, 0.1, 0.1, 0.1, 0.1, 0.1, 0.1, 0.1, 0.1, 0.1], [0.1, 0.1, 0.1, 0.1, 0.1, 0.1, 0.1, 0.1, 0.1, 0.1, 0.1, 0.1, 0.1, 0.1, 0.1]],