{"generation": 4, "velocity_u": [[0.1, 0.1, 0.1, 0.1, 0.1, 0.1, 0.1, 0.1, 0.1, 0.1, 0.1, 0.1, 0.1, 0.1, 0.1], [0.1, 0.11177250901193296, 0.11389803726547702, 0.08761357416236769, 0.0758533199167187, 0.08233573108027498, 0.09426212332082196, 0.09289583815990116, 0.09571619510565146, 0.09838659143058001, 0.0863440296378314, 0.11146136124875627, 0.08701105266062219, 0.10042714620782568, 0.1], [0.1, 0.07862316100649452, 0.0909627802272483, 0.0810660493561173, 0.08371226810304266, 0.10052744098952547, 0.10081023579803199, 0.11398963097950156, 0.10224827889456406, 0.10234991615122513, 0.0914436573441495, 0.07761657645939954, 0.09980934995350417, 0.08633969772369914, 0.1], [0.1, 0.1034617499177326, 0.0937334502184571, 0.0919060085325098, 0.08447548359812618, 0.10691377598494894, 0.11397211641164434, 0.08009570121900694, 0.08459050027548902, 0.06711372477160561, 0.10043916887722527, 0.07111580052141368, 0.09890679799243186, 0.11350608220755434, 0.1], [0.1, 0.11343852809379275, 0.10413995922274685, 0.0944026070923981, 0.11251420895451794, 0.09154793107703314, 0.1028844946228607, 0.08071097452641182, 0.09939181134631365, 0.1092705123908535, 0.09932062160388339, 0.09316657341059977, 0.11446846402277124, 0.10958689373167427, 0.1], [0.1, 0.10416867089996149, 0.08637808661666192, 0.10790395197522809, 0.09781711458749669, 0.09159881604747223, 0.08757980252600067, 0.11853463073271042, 0.10663345775821237, 0.08157127103190662, 0.08116696851200914, 0.120356099176148, 0.09528626580512024, 0.09809762081576277, 0.1], [0.1, 0.08716868942646064, 0.1055962938675787, 0.12182173069490182, 0.06803600544943501, 0.09480321370385489, 0.10228011206804756, 0.10870020343125125, 0.09281367650234598, 0.09228517967582371, 0.08505407255823909, 0.07650167885108058, 0.09853652314320292, 0.10162691329555149, 0.1], [0.1, 0.09328454073839326, 0.09379210568524766, 0.10779407844730668, 0.10215024060621145, 0.10662125388496475, 0.10273402984927428, 0.13054911490598295, 0.09881788649980644, 0.09016287888944628, 0.0861730878796517, 0.11463040534520533, 0.10783983796921381, 0.09971996752981158, 0.1], [0.1, 0.1095393976815865, 0.09744038417728246, 0.11645349995113805, 0.09789877222252398, 0.10832447712589675, 0.09113654682835516, 0.09194989714170387, 0.11582499195160269, 0.08525483297136553, 0.10944720072842358, 0.10620546109313213, 0.09188842736985321, 0.0997492954845652, 0.1], [0.1, 0.0991662317226306, 0.10118346401873997, 0.09874234971991594, 0.09256820756911843, 0.10549177528286492, 0.10677255140703325, 0.08598607803752556, 0.09728584947695953, 0.10441253775414058, 0.09639523367276716, 0.09768302911227655, 0.10329717553820737, 0.11073290490544561, 0.1], [0.1, 0.0985193839763846, 0.08844433474975406, 0.10551269905453697, 0.0952853698032397, 0.10716522540439416, 0.11908534251630316, 0.12094085930491015, 0.08718392155771973, 0.12645274844809362, 0.10918353536152428, 0.09425248182051858, 0.11111940918294358, 0.0941413410544998, 0.1], [0.1, 0.0926857707528041, 0.09925717712891906, 0.08197080596404009, 0.1303171264329331, 0.0995139188842672, 0.09759110246853747, 0.10482808054501701, 0.11099384035775586, 0.10770133209956259, 0.10076636797102073, 0.08982763716541514, 0.11009525029141763, 0.1023922234459552, 0.1], [0.1, 0.10919376990261248, 0.11442452096366015, 0.11068420268048723, 0.10003738815575958, 0.10408291000847754, 0.09003025634215482, 0.09741790816429798, 0.1130653035910402, 0.11326070556350147, 0.09839166651485823, 0.10147718871403828, 0.09700347702520729, 0.11420441856589647, 0.1], [0.1, 0.09996168738170463, 0.08027422799282953, 0.0807106941580177, 0.10405782877557929, 0.09818697203750991, 0.09124733265923003, 0.09893832376318833, 0.12235571308808633, 0.10300239261496114, 0.09328775459019369, 0.09319596016297077, 0.11224442745783197, 0.0725404858826841, 0.1], [0.1, 0.1, 0.1, 0.1, 0.1, 0.1, 0.1, 0.1, 0.1, 0.1, 0.1, 0.1, 0.1, 0.1, 0.1]], "velocity_v": [[0.1, 0.1, 0.1, 0.1, 0.1, 0.1, 0.1, 0.1, 0.1, 0.1, 0.1, 0.1, 0.1, 0.1, 0.1], [0.1, 0.1, 0.1, 0.1, 0.1, 0.1, 0.1, 0.1, 0.1, 0.1, 0.1, 0.1, 0.1, 0.1, 0.1], [0.1, 0.1, 0.1, 0.1, 0.1, 0.1, 0.1, 0.1, 0.1, 0.1, 0.1, 0.1, 0.1, 0.1, 0.1], [0.1, 0.1, 0.1, 0.1, 0.1, 0.1, 0.1, 0.1, 0.1, 0.1, 0.1, 0.1, 0.1, 0.1, 0.1], [0.1, 0.1, 0.1, 0.1, 0.1, 0.1, 0.1, 0.1, 0.1, 0.1, 0.1, 0.1, 0.1, 0.1, 0.1], [0.1, 0.1, 0.1, 0.1, 0.1, 0.1, 0.1, 0.1, 0.1, 0.1, 0.1, 0.1, 0.1, 0.1, 0.1], [0.1, 0.1, 0.1, 0.1, 0.1, 0.1, 0.1, 0.1, 0.1, 0.1, 0.1, 0.1, 0.1, 0.1, 0.1], [0.1, 0.1, 0.1, 0.1, 0.1, 0.1, 0.1, 0.1, 0.1, 0.1, 0.1, 0.1, 0.1, 0.1, 0.1], [0.1, 0.1, 0.1, 0.1, 0.1, 0.1, 0.1, 0.1, 0.1, 0.1, 0.1, 0.1, 0.1, 0.1, 0.1], [0.1, 0.1, 0.1, 0.1, 0.1, 0.1, 0.1, 0.1, 0.1, 0.1, 0.1, 0.1, 0.1, 0.1, 0.1], [0.1, 0.1, 0.1, 0.1, 0.1, 0.1, 0.1, 0.1, 0.1, 0.1, 0.1, 0.1, 0.1, 0.1, 0.1], [0.1, 0.1, 0.1, 0.1, 0.1, 0.1, 0.1, 0.1, 0.1, 0.1, 0.1, 0.1, 0.1, 0.1, 0.1], [0.1, 0.1, 0.1, 0.1, 0.1, 0.1, 0.1, 0.1, 0.1, 0.1, 0.1, 0.1, 0.1, 0.1, 0.1], [0.1, 0.1, 0.1, 0.1, 0.1, 0.1, 0.1, 0.1, 0.1, 0.1, 0.1, 0.1, 0.1, 0.1, 0.1], [0.1, 0.1, 0.1, 0.1, 0.1, 0.1, 0.1, 0.1, 0.1, 0.1, 0.1, 0.1, 0.1, 0.1, 0.1]],