{"generation": 27, "velocity_u": [[0.1, 0.1, 0.1, 0.1, 0.1, 0.1, 0.1, 0.1, 0.1, 0.1, 0.1, 0.1, 0.1, 0.1, 0.1], [0.1, 0.11934599624305758, 0.10711733159285222, 0.0536235383153535, 0.059901933956479705, 0.07362711356419295, 0.09264713729225293, 0.09198102498988618, 0.042392295204055325, 0.07117706490307013, 0.08388453724293282, 0.08321583058865313, 0.07297386854792626, 0.11702527819269821, 0.1], [0.1, 0.0627861725373878, 0.16681205446896125, 0.10458484829359702, 0.09667891829087562, 0.08098420954876417, 0.12266155225634309, 0.09691478526132505, 0.05467132578060488, 0.11015508285633599, 0.05671580992343122, 0.11751239238187443, 0.09714914560898721, 0.11707181904354377, 0.1], [0.1, 0.0630325103625504, 0.04708421339905504, 0.06983613003305587, 0.07374725933690568, 0.06200021057952918, 0.06677097453605241, 0.1767509937223552, 0.14888245371478862, 0.06375697210695308, 0.06311947748180351, 0.10654684014098507, 0.11995952000146963, 0.09148837224849982, 0.1], [0.1, 0.07686313499944036, 0.1274276154271245, 0.12011145231766039, 0.07338077517244566, 0.06566482899187338, 0.08912139409747075, 0.07023055825579666, 0.13058060246808298, 0.04760185084180292, 0.12579874339678798, 0.059419358822737516, 0.12014807689519393, 0.10219559101622991, 0.1], [0.1, 0.09090746221270762, 0.08812575983032926, 0.07597289274076643, 0.12821991882252856, 0.0965762597013454, 0.14309033607491128, 0.11085116322222158, 0.09173354737717525, 0.06794909195914245, 0.08486649246929787, 0.10770326151588731, 0.1553114841412023, 0.038800091655984886, 0.1], [0.1, 0.17564880294650723, 0.13046353508450845, 0.08998188613138808, 0.04452608936824176, 0.07560493784905353, 0.0877166249900551, 0.08862995988178145, 0.10372081146494222, 0.13756105718945139, 0.07542205115082166, 0.0753681854979303, 0.16694282999994647, 0.07774224760938604, 0.1], [0.1, 0.12112014566524767, 0.04104114465706505, 0.11291267877988173, 0.07781108847984698, 0.02869446480046252, 0.14809746433647214, 0.14893171199426947, 0.09882575234540689, 0.08703107891908496, 0.06661611436791212, 0.0922959370693347, 0.12911808653088183, 0.10338032492397628, 0.1], [0.1, 0.10099498156869129, 0.06286595138645644, 0.055039546102962265, 0.03255166924487729, 0.1038299803898782, 0.10652132745148632, 0.12074847736034816, 0.14292496311388855, 0.09994258719862875, 0.15312225643230096, 0.08714459320282233, 0.12489951029833296, 0.0867809660130042, 0.1], [0.1, 0.11318369256527398, 0.08082671515239745, 0.07375159910341032, 0.089241588784667, 0.08400498031518855, 0.0786921744783111, 0.14173565476685682, 0.0836708162257233, 0.04869760935333914, 0.11899151055918782, 0.05261034849540449, 0.06727677502921975, 0.08993050405517565, 0.1], [0.1, 0.10393694972287884, 0.15328692947844103, 0.14576130660388495, 0.11508768404916207, 0.12767518197552272, 0.0688013978150767, 0.12000155718399869, 0.10875902605865405, 0.0913016084559149, 0.1137719473344569, 0.08471871008575503, 0.09242402176199528, 0.13228065890280252, 0.1], [0.1, 0.0612263006208897, 0.10104827784780401, 0.09468646055071386, 0.08589149717509773, 0.09763547280269813, 0.0871681741601805, 0.08291529528677083, 0.10253410084450715, 0.0743799216625164, 0.10372786981213702, 0.08599483952529778, 0.07030133156236086, 0.05327923764573701, 0.1], [0.1, 0.08187700544444841, 0.11974626608389123, 0.09691510534579419, 0.10418918570010627, 0.07155670094279333, 0.153878647793745, 0.12781331052075506, 0.10940022208252916, 0.11087273902255362, 0.08829841389369762, 0.07668467892146247, 0.10230870408047811, 0.12525539954934917, 0.1], [0.1, 0.11552416066294985, 0.08762613594885024, 0.07053558316179549, 0.09215493299332622, 0.1408561298149025, 0.1197957952383292, 0.11996238410491088, 0.16468287329046635, 0.14252056034926977, 0.11486969913157241, 0.11329422525877043, 0.09904702090907011, 0.0740545732685031, 0.1], [0.1, 0.1, 0.1, 0.1, 0.1, 0.1, 0.1, 0.1, 0.1, 0.1, 0.1, 0.1, 0.1, 0.1, 0.1]], "velocity_v": [[0.1, 0.1, 0.1, 0.1, 0.1, 0.1, 0.1, 0.1, 0.1, 0.1, 0.1, 0.1, 0.1, 0.1, 0.1], [0.1, 0.1, 0.1, 0.1, 0.1, 0.1, 0.1, 0.1, 0.1, 0.1, 0.1, 0.1, 0.1, 0.1, 0.1], [0.1, 0.1, 0.1, 0.1, 0.1, 0.1, 0.1, 0.1, 0.1, 0.1, 0.1, 0.1, 0.1, 0.1, 0.1], [0.1, 0.1, 0.1, 0.1, 0.1, 0.1, 0.1, 0.1, 0.1, 0.1, 0.1, 0.1, 0.1, 0.1, 0.1], [0.1, 0.1, 0.1, 0.1, 0.1, 0.1, 0.1, 0.1, 0.1, 0.1, 0.1, 0.1, 0.1, 0.1, 0.1], [0.1, 0.1, 0.1, 0.1, 0.1, 0.1, 0.1, 0.1, 0.1, 0.1, 0.1, 0.1, 0.1, 0.1, 0.1], [0.1, 0.1, 0.1, 0.1, 0.1, 0.1, 0.1, 0.1, 0.1, 0.1, 0.1, 0.1, 0.1, 0.1, 0.1], [0.1, 0.1, 0.1, 0.1, 0.1, 0.1, 0.1, 0.1, 0.1, 0.1, 0.1, 0.1, 0.1, 0.1, 0.1], [0.1, 0.1, 0.1, 0.1, 0.1, 0.1, 0.1, 0.1, 0.1, 0.1, 0.1, 0.1, 0.1, 0.1, 0.1], [0.1, 0.1, 0.1, 0.1, 0.1, 0.1, 0.1, 0.1, 0.1, 0.1, 0.1, 0.1, 0.1, 0.1, 0.1], [0.1, 0.1, 0.1, 0.1, 0.1, 0.1, 0.1, 0.1, 0.1, 0.1, 0.1, 0.1, 0.1, 0.1, 0.1], [0.1, 0.1, 0.1, 0.1, 0.1, 0.1, 0.1, 0.1, 0.1, 0.1, 0.1, 0.1, 0.1, 0.1, 0.1], [0.1, 0.1, 0.1, 0.1, 0.1, 0.1, 0.1, 0.1, 0.1, 0.1, 0.1, 0.1, 0.1, 0.1, 0.1], [0.1, 0.1, 0.1, 0.1, 0.1, 0.1, 0.1, 0.1, 0.1, 0.1, 0.1, 0.1, 0.1, 0.1, 0.1], [0.1, 0.1, 0.1, 0.1, 0.1, 0.1, 0.1, 0.1, 0.1, 0.1, 0.1, 0.1, 0.1, 0.1, 0.1]],