{"generation": 17, "velocity_u": [[0.1, 0.1, 0.1, 0.1, 0.1, 0.1, 0.1, 0.1, 0.1, 0.1, 0.1, 0.1, 0.1, 0.1, 0.1], [0.1, 0.09777814020338865, 0.1375526080652837, 0.07194036916086223, 0.06182320954275053, 0.0756953044029721, 0.10458087584599558, 0.09042283852042386, 0.04604116638436259, 0.10304187810914126, 0.07071576170125551, 0.08362471330279016, 0.07254644684400248, 0.10194365546094783, 0.1], [0.1, 0.06468472218011528, 0.11822743413603579, 0.12485844590071901, 0.06322818511757111, 0.07881895636387114, 0.13499911723328029, 0.13868598117968944, 0.09730780364741583, 0.07972110456859052, 0.07958221060140629, 0.09726987409188298, 0.11036250300138405, 0.06773546117374475, 0.1], [0.1, 0.059757209355256656, 0.07032281504683399, 0.08878329870734969, 0.06289780410973982, 0.06919691990472308, 0.08413058729606797, 0.13161475942503195, 0.12357434883185998, 0.059782626893399186, 0.0824733262662498, 0.09441146245207585, 0.0941220490461166, 0.09646288044654115, 0.1], [0.1, 0.09737389862168704, 0.1441477853933994, 0.11970007456636439, 0.08764146153285007, 0.07526502913599484, 0.12582222790651823, 0.0777983670103266, 0.08180057956107063, 0.07879450511676342, 0.1115098106900133, 0.07194026848078279, 0.11660737725033446, 0.08014598315491063, 0.1], [0.1, 0.12736817161226993, 0.05214344667283184, 0.0742169983484808, 0.08566946157587232, 0.0689398360618763, 0.13114444587531365, 0.11173059547803316, 0.08179987298781163, 0.13389208080048703, 0.09087452530716157, 0.11587449965983854, 0.13763942700632922, 0.0534684783440355, 0.1], [0.1, 0.12423003499647625, 0.10366581036473697, 0.13534624633616996, 0.05804791160335898, 0.07811860197745442, 0.08676414584160548, 0.12721078257962076, 0.10364076592839765, 0.10890223030794988, 0.08657156140634249, 0.07838791343872016, 0.09826369187541056, 0.08159376709174146, 0.1], [0.1, 0.08361018433037427, 0.047075676233424034, 0.1053911548743898, 0.0770935997601086, 0.0797102989011855, 0.14354755543949588, 0.13900934899535553, 0.11907932088858454, 0.07336660504415299, 0.1177344142006736, 0.08577678356081012, 0.11356906938820124, 0.09828922184266317, 0.1], [0.1, 0.08882562176364397, 0.09736609578946707, 0.07288826324126199, 0.052312507852752876, 0.11589472029019328, 0.08452113573037204, 0.1139542737723966, 0.10649996481256736, 0.10569740654122532, 0.13828039407990644, 0.08780159913398419, 0.08760212052283314, 0.12255389179795645, 0.1], [0.1, 0.09086463709284957, 0.11756799747564428, 0.10197967404235005, 0.10308204752109848, 0.1098137773706654, 0.07127024471121149, 0.11289444257114037, 0.08088782997194281, 0.05685299985791476, 0.10029217074006888, 0.06317507354047056, 0.06764412162010425, 0.14041439326121635, 0.1], [0.1, 0.09519966636808397, 0.12299430261657139, 0.16523275437028348, 0.11547724622151978, 0.11265947106906635, 0.07972121830674918, 0.1101185892537555, 0.08885989796522896, 0.09096570727908469, 0.1033440322088443, 0.11076079091241293, 0.12887063045680472, 0.08819582806709726, 0.1], [0.1, 0.08897384647687308, 0.056416549828581346, 0.08277097382757245, 0.09693191721964504, 0.08028694790346194, 0.12993278573358302, 0.09656359772533019, 0.12656180485013274, 0.1003359996029349, 0.107509733421662, 0.07773406334462635, 0.09733065700955812, 0.06109756631230918, 0.1], [0.1, 0.11634574040762613, 0.09500190157805559, 0.10595157202483807, 0.12045745254769107, 0.08600055243435709, 0.15033248453536077, 0.10490359085241531, 0.13153029816501297, 0.1277832458781302, 0.0966857805502914, 0.11146337298546978, 0.081958650360848, 0.10975550054106671, 0.1], [0.1, 0.1296254697427265, 0.09328687481761604, 0.0632896271177754, 0.08290322417557923, 0.13101836688209917, 0.08160033277481893, 0.11892528987931666, 0.14958043805922003, 0.12591608261586215, 0.1340689632183587, 0.11804730840583277, 0.0926981256383663, 0.10069125431101979, 0.1], [0.1, 0.1, 0.1, 0.1, 0.1, 0.1, 0.1, 0.1, 0.1, 0.1, 0.1, 0.1, 0.1, 0.1, 0.1]], "velocity_v": [[0.1, 0.1, 0.1, 0.1, 0.1, 0.1, 0.1, 0.1, 0.1, 0.1, 0.1, 0.1, 0.1, 0.1, 0.1], [0.1, 0.1, 0.1, 0.1, 0.1, 0.1, 0.1, 0.1, 0.1, 0.1, 0.1, 0.1, 0.1, 0.1, 0.1], [0.1, 0.1, 0.1, 0.1, 0.1, 0.1, 0.1, 0.1, 0.1, 0.1, 0.1, 0.1, 0.1, 0.1, 0.1], [0.1, 0.1, 0.1, 0.1, 0.1, 0.1, 0.1, 0.1, 0.1, 0.1, 0.1, 0.1, 0.1, 0.1, 0.1], [0.1, 0.1, 0.1, 0.1, 0.1, 0.1, 0.1, 0.1, 0.1, 0.1, 0.1, 0.1, 0.1, 0.1, 0.1], [0.1, 0.1, 0.1, 0.1, 0.1, 0.1, 0.1, 0.1, 0.1, 0.1, 0.1, 0.1, 0.1, 0.1, 0.1], [0.1, 0.1, 0.1, 0.1, 0.1, 0.1, 0.1, 0.1, 0.1, 0.1, 0.1, 0.1, 0.1, 0.1, 0.1], [0.1, 0.1, 0.1, 0.1, 0.1, 0.1, 0.1, 0.1, 0.1, 0.1, 0.1, 0.1, 0.1, 0.1, 0.1], [0.1, 0.1, 0.1, 0.1, 0.1, 0.1, 0.1, 0.1, 0.1, 0.1, 0.1, 0.1, 0.1, 0.1, 0.1], [0.1, 0.1, 0.1, 0.1, 0.1, 0.1, 0.1, 0.1, 0.1, 0.1, 0.1, 0.1, 0.1, 0.1, 0.1], [0.1, 0.1, 0.1, 0.1, 0.1, 0.1, 0.1, 0.1, 0.1, 0.1, 0.1, 0.1, 0.1, 0.1, 0.1], [0.1, 0.1, 0.1, 0.1, 0.1, 0.1, 0.1, 0.1, 0.1, 0.1, 0.1, 0.1, 0.1, 0.1, 0.1], [0.1, 0.1, 0.1, 0.1, 0.1, 0.1, 0.1, 0.1, 0.1, 0.1, 0.1, 0.1, 0.1, 0.1, 0.1], [0.1, 0.1, 0.1, 0.1, 0.1, 0.1, 0.1, 0.1, 0.1, 0.1, 0.1, 0.1, 0.1, 0.1, 0.1], [0.1, 0.1, 0.1, 0.1, 0.1, 0.1, 0.1, 0.1, 0.1, 0.1, 0.1, 0.1, 0.1, 0.1, 0.1]],