{"generation": 22, "velocity_u": [[0.1, 0.1, 0.1, 0.1, 0.1, 0.1, 0.1, 0.1, 0.1, 0.1, 0.1, 0.1, 0.1, 0.1, 0.1], [0.1, 0.09463962730661382, 0.12297896970805873, 0.061356013541938474, 0.06713977561907755, 0.07074844248837922, 0.07247837125052303, 0.09614371035004506, 0.043145641850005266, 0.1009450152469894, 0.07869023981975326, 0.08409947284815997, 0.08658745244176262, 0.11348570330286184, 0.1], [0.1, 0.061278941911786906, 0.13229097880876584, 0.11584316735440685, 0.07780744813421811, 0.07836668726447513, 0.10298619473297432, 0.1050817630374981, 0.07823085460481391, 0.09770489779676118, 0.0709851102379216, 0.10241226951422604, 0.10920141285503165, 0.08017758135033856, 0.1], [0.1, 0.06699666297053522, 0.06852513799921334, 0.06010862915570443, 0.07061247296132452, 0.06376695304657118, 0.06809075497901983, 0.14448879111005905, 0.13237406413463626, 0.061150143263949734, 0.07472321505031011, 0.07890988013015444, 0.10961060939153872, 0.10289176056456531, 0.1], [0.1, 0.09405967490819156, 0.14648462375503107, 0.11131349765276573, 0.07721514538215365, 0.07849780110162408, 0.08889083531843892, 0.06772048095703187, 0.09820185644888914, 0.053421164978236076, 0.11584004309957191, 0.0730666008514609, 0.10290999915146126, 0.10506306675942796, 0.1], [0.1, 0.125300208603391, 0.08137378775445911, 0.07077219916210843, 0.11561553721601397, 0.09322924708659379, 0.1440203360456127, 0.100444602684876, 0.10677331409295096, 0.10790121233908641, 0.0913634744643274, 0.10430260605443481, 0.164085308590127, 0.03784185279858268, 0.1], [0.1, 0.14086106171526197, 0.1352109607792373, 0.10397672258657209, 0.025725072064525706, 0.06550585463404142, 0.08992365634256966, 0.10489766286830102, 0.10153533796079663, 0.12410075454543279, 0.07494870071796782, 0.08580006570891835, 0.13728135295869365, 0.09342064267762204, 0.1], [0.1, 0.10126154922175801, 0.041131254881316706, 0.12399404648287769, 0.09425888019755578, 0.06518701696355958, 0.15597567680694494, 0.16770578416893234, 0.0976604978298759, 0.07311052114410425, 0.09656352995249244, 0.08902854062314194, 0.13268926089665717, 0.083764790247176, 0.1], [0.1, 0.0842276608573072, 0.0761242001458373, 0.059368723531803363, 0.0423048859871333, 0.08781445980110314, 0.09207565118918024, 0.1204978850076512, 0.11592868417458642, 0.10741810894710485, 0.1567778766695414, 0.09166904478989091, 0.11211456247891988, 0.08762555919369167, 0.1], [0.1, 0.12116062813909736, 0.12332678120706411, 0.09030869479260877, 0.08209762374043435, 0.0893629687592638, 0.07215058634738125, 0.12755049681352726, 0.070164578084839, 0.07115035315065778, 0.10351452686460265, 0.05277730769728777, 0.06626388661273722, 0.1268754262205754, 0.1], [0.1, 0.1072139896078741, 0.14194199760415735, 0.15800016369376674, 0.11887466641301295, 0.1378374238830614, 0.07581539789091873, 0.11356724784758268, 0.08605114096681414, 0.10130311133071018, 0.09956379311328625, 0.0905066697435102, 0.1150124100244171, 0.10485357190959552, 0.1], [0.1, 0.0770220708260955, 0.08613114804471579, 0.08618089683871594, 0.08141867577551254, 0.0769210948372576, 0.09545779970561005, 0.09069255562712836, 0.10834866730035232, 0.0923424255000569, 0.09902746261470789, 0.08936715384640158, 0.08218749955355309, 0.04121552258853236, 0.1], [0.1, 0.11233620587027777, 0.09834781175669678, 0.09555704873685145, 0.12315553299064248, 0.09524626671072275, 0.16209987754362037, 0.1062426611169262, 0.11984595674686783, 0.1170599719781636, 0.0922548078756651, 0.08257489794947295, 0.1081381101499432, 0.11502339703524071, 0.1], [0.1, 0.12883427054776006, 0.07077857546136844, 0.07341533133654021, 0.09380563498539427, 0.14156116372563304, 0.09263006815844853, 0.10745838061370967, 0.16211408663425256, 0.13336084084131808, 0.12992149008990606, 0.12484880819319857, 0.07951378985919406, 0.08486743770738077, 0.1], [0.1, 0.1, 0.1, 0.1, 0.1, 0.1, 0.1, 0.1, 0.1, 0.1, 0.1, 0.1, 0.1, 0.1, 0.1]], "velocity_v": [[0.1, 0.1, 0.1, 0.1, 0.1, 0.1, 0.1, 0.1, 0.1, 0.1, 0.1, 0.1, 0.1, 0.1, 0.1], [0.1, 0.1, 0.1, 0.1, 0.1, 0.1, 0.1, 0.1, 0.1, 0.1, 0.1, 0.1, 0.1, 0.1, 0.1], [0.1, 0.1, 0.1, 0.1, 0.1, 0.1, 0.1, 0.1, 0.1, 0.1, 0.1, 0.1, 0.1, 0.1, 0.1], [0.1, 0.1, 0.1, 0.1, 0.1, 0.1, 0.1, 0.1, 0.1, 0.1, 0.1, 0.1, 0.1, 0.1, 0.1], [0.1, 0.1, 0.1, 0.1, 0.1, 0.1, 0.1, 0.1, 0.1, 0.1, 0.1, 0.1, 0.1, 0.1, 0.1], [0.1, 0.1, 0.1, 0.1, 0.1, 0.1, 0.1, 0.1, 0.1, 0.1, 0.1, 0.1, 0.1, 0.1, 0.1], [0.1, 0.1, 0.1, 0.1, 0.1, 0.1, 0.1, 0.1, 0.1, 0.1, 0.1, 0.1, 0.1, 0.1, 0.1], [0.1, 0.1, 0.1, 0.1, 0.1, 0.1, 0.1, 0.1, 0.1, 0.1, 0.1, 0.1, 0.1, 0.1, 0.1], [0.1, 0.1, 0.1, 0.1, 0.1, 0.1, 0.1, 0.1, 0.1, 0.1, 0.1, 0.1, 0.1, 0.1, 0.1], [0.1, 0.1, 0.1, 0.1, 0.1, 0.1, 0.1, 0.1, 0.1, 0.1, 0.1, 0.1, 0.1, 0.1, 0.1], [0.1, 0.1, 0.1, 0.1, 0.1, 0.1, 0.1, 0.1, 0.1, 0.1, 0.1, 0.1, 0.1, 0.1, 0.1], [0.1, 0.1, 0.1, 0.1, 0.1, 0.1, 0.1, 0.1, 0.1, 0.1, 0.1, 0.1, 0.1, 0.1, 0.1], [0.1, 0.1, 0.1, 0.1, 0.1, 0.1, 0.1, 0.1, 0.1, 0.1, 0.1, 0.1, 0.1, 0.1, 0.1], [0.1, 0.1, 0.1, 0.1, 0.1, 0.1, 0.1, 0.1, 0.1, 0.1, 0.1, 0.1, 0.1, 0.1, 0.1], [0.1, 0.1, 0.1, 0.1, 0.1, 0.1, 0.1, 0.1, 0.1, 0.1, 0.1, 0.1, 0.1, 0.1, 0.1]],