{"generation": 7, "velocity_u": [[0.1, 0.1, 0.1, 0.1, 0.1, 0.1, 0.1, 0.1, 0.1, 0.1, 0.1, 0.1, 0.1, 0.1, 0.1], [0.1, 0.12289058861317062, 0.12091213204426512, 0.10586379874582319, 0.06734550248398108, 0.07654580448252582, 0.08357632401604548, 0.09203780235947824, 0.08888715745065592, 0.10279147617346211, 0.07015195487683881, 0.10020064763291649, 0.10298000925425672, 0.10283588106653886, 0.1], [0.1, 0.07001785323650539, 0.08861976435341543, 0.10549998730330924, 0.09599721374634526, 0.10435290327019509, 0.1044206723533497, 0.12765949456206863, 0.10631778356077508, 0.0922844346564719, 0.08941825543727508, 0.07897722879414537, 0.09310408025757277, 0.08379917149426232, 0.1], [0.1, 0.08180142094930468, 0.09660975577128994, 0.10719261978355063, 0.08362083559118975, 0.10231483275394507, 0.10013686906988871, 0.08303718702838396, 0.0966750719096201, 0.049635593222306595, 0.1004980526684226, 0.07693570278300935, 0.08776350071501116, 0.10181227564848418, 0.1], [0.1, 0.11794941853117871, 0.11667171842152671, 0.1042678223661459, 0.10927924051770437, 0.08784023858211004, 0.12232162023441037, 0.09472781274024204, 0.08206823233473204, 0.11013065488891115, 0.11746652598053922, 0.07567506155472356, 0.10770824760742137, 0.09451324546021968, 0.1], [0.1, 0.12382814414004419, 0.07544874147667628, 0.0992739997196705, 0.0900973183494832, 0.0938495967590085, 0.0954892210171291, 0.1254487143531734, 0.11174544404681377, 0.09075130270233316, 0.07103294617067893, 0.10736682796386751, 0.10939860642429348, 0.08745227263323149, 0.1], [0.1, 0.08030285492218145, 0.10888709748262831, 0.12852633594675072, 0.062391651833936176, 0.08381126024908392, 0.10945131459292709, 0.11416463906981038, 0.11433761258412778, 0.08987152518456333, 0.08737007881029521, 0.06554836915007443, 0.08449376560414787, 0.09867773511869396, 0.1], [0.1, 0.09355224512684676, 0.1043436360274701, 0.09047820592335123, 0.08130191650257114, 0.09852159739742415, 0.1079899184892892, 0.12308660633096316, 0.11011309207772832, 0.09739579974757075, 0.09816825072225188, 0.09737297604846278, 0.11136014384922352, 0.10586288239594568, 0.1], [0.1, 0.10690514053044997, 0.10057182281090622, 0.0943440481307397, 0.10266614939207327, 0.11199944920803868, 0.08179678277163413, 0.0921152342399092, 0.11406148569230036, 0.07959969765724355, 0.1046392782353944, 0.09468486832796139, 0.08428871897788567, 0.11052853492636104, 0.1], [0.1, 0.08722175136633054, 0.09578252444771213, 0.0879278473060952, 0.10869182258983873, 0.11983571568881705, 0.09367352792664647, 0.08449169139891202, 0.08905186545581872, 0.09019999254825724, 0.10382794840179321, 0.08813127765357419, 0.09265413062052204, 0.10838420784028241, 0.1], [0.1, 0.1062447231929456, 0.08597739407625211, 0.1250996305821367, 0.09865725581758855, 0.10453719444917244, 0.1290770511263547, 0.12691022603881483, 0.10080662432666367, 0.10978866869877123, 0.11675649020261118, 0.09392297538777772, 0.13183792359910507, 0.09566802633716902, 0.1], [0.1, 0.10939638091853296, 0.07587642155481608, 0.08312387905440498, 0.12950590508734844, 0.08773211782855833, 0.1265507880513322, 0.09643451147679351, 0.1145541229103105, 0.09983975548862772, 0.10252145285323079, 0.08713184155150605, 0.10005441932060227, 0.09753383201367925, 0.1], [0.1, 0.10325179966110337, 0.11388961719767386, 0.09940179077555385, 0.1158704437860574, 0.0972217193226407, 0.09713023800785643, 0.08839925956617571, 0.10099664419114486, 0.12312791395990279, 0.09915878550388524, 0.09903916761763344, 0.12044949898020452, 0.12212122192687044, 0.1], [0.1, 0.10697253906115935, 0.09060783275452775, 0.07354236091511468, 0.09164663884793636, 0.11538260441377254, 0.08286665686872136, 0.0968911450718154, 0.10887296852639375, 0.09444900819156916, 0.09690464223807901, 0.08519009987983497, 0.09337534981497833, 0.07547554960620893, 0.1], [0.1, 0.1, 0.1, 0.1, 0.1, 0.1, 0.1, 0.1, 0.1, 0.1, 0.1, 0.1, 0.1, 0.1, 0.1]], "velocity_v": [[0.1, 0.1, 0.1, 0.1, 0.1, 0.1, 0.1, 0.1, 0.1, 0.1, 0.1, 0.1, 0.1, 0.1, 0.1], [0.1, 0.1, 0.1, 0.1, 0.1, 0.1, 0.1, 0.1, 0.1, 0.1, 0.1, 0.1, 0.1, 0.1, 0.1], [0.1, 0.1, 0.1, 0.1, 0.1, 0.1, 0.1, 0.1, 0.1, 0.1, 0.1, 0.1, 0.1, 0.1, 0.1], [0.1, 0.1, 0.1, 0.1, 0.1, 0.1, 0.1, 0.1, 0.1, 0.1, 0.1, 0.1, 0.1, 0.1, 0.1], [0.1, 0.1, 0.1, 0.1, 0.1, 0.1, 0.1, 0.1, 0.1, 0.1, 0.1, 0.1, 0.1, 0.1, 0.1], [0.1, 0.1, 0.1, 0.1, 0.1, 0.1, 0.1, 0.1, 0.1, 0.1, 0.1, 0.1, 0.1, 0.1, 0.1], [0.1, 0.1, 0.1, 0.1, 0.1, 0.1, 0.1, 0.1, 0.1, 0.1, 0.1, 0.1, 0.1, 0.1, 0.1], [0.1, 0.1, 0.1, 0.1, 0.1, 0.1, 0.1, 0.1, 0.1, 0.1, 0.1, 0.1, 0.1, 0.1, 0.1], [0.1, 0.1, 0.1, 0.1, 0.1, 0.1, 0.1, 0.1, 0.1, 0.1, 0.1, 0.1, 0.1, 0.1, 0.1], [0.1, 0.1, 0.1, 0.1, 0.1, 0.1, 0.1, 0.1, 0.1, 0.1, 0.1, 0.1, 0.1, 0.1, 0.1], [0.1, 0.1, 0.1, 0.1, 0.1, 0.1, 0.1, 0.1, 0.1, 0.1, 0.1, 0.1, 0.1, 0.1, 0.1], [0.1, 0.1, 0.1, 0.1, 0.1, 0.1, 0.1, 0.1, 0.1, 0.1, 0.1, 0.1, 0.1, 0.1, 0.1], [0.1, 0.1, 0.1, 0.1, 0.1, 0.1, 0.1, 0.1, 0.1, 0.1, 0.1, 0.1, 0.1, 0.1, 0.1], [0.1, 0.1, 0.1, 0.1, 0.1, 0.1, 0.1, 0.1, 0.1, 0.1, 0.1, 0.1, 0.1, 0.1, 0.1], [0.1, 0.1, 0.1, 0.1, 0.1, 0.1, 0.1, 0.1, 0.1, 0.1, 0.1, 0.1, 0.1, 0.1, 0.1]],