{"generation": 38, "velocity_u": [[0.1, 0.1, 0.1, 0.1, 0.1, 0.1, 0.1, 0.1, 0.1, 0.1, 0.1, 0.1, 0.1, 0.1, 0.1], [0.1, 0.09895281903740134, 0.053869275615336665, 0.08280412837556728, 0.04865912564463856, 0.11120208997222146, 0.07664883751416116, 0.09016330165898553, 0.05723052587606568, 0.07120477594529374, 0.1253558726178356, 0.052011093833212244, 0.06728512506053744, 0.0981646841437646, 0.1], [0.1, 0.09057191896022472, 0.2058300537113425, 0.10676412896330248, 0.11277019223335737, 0.12821890244061288, 0.11720274810949133, 0.05491230110390482, 0.03649375204644259, 0.11632562126747004, 0.09354027338871156, 0.07387495646280123, 0.06826485000563469, 0.13908740794402524, 0.1], [0.1, 0.0801795640709844, 0.0863559792221845, 0.035209622527943844, 0.07973862129516042, 0.07072002683391669, 0.07302896527995238, 0.16518806030310268, 0.10071615235512525, 0.09175602921490833, 0.024771917979656097, 0.12570802623579552, 0.08279068578033003, 0.08025495498842926, 0.1], [0.1, 0.08717319687120187, 0.08716351350760025, 0.1203701460250473, 0.030499990818589028, 0.05588627771474589, 0.06179920224076178, 0.11725696195180935, 0.18325461087644043, 0.0729474430884306, 0.09692924370530037, 0.0785394816171267, 0.10826132629638846, 0.11320112238621671, 0.1], [0.1, 0.0745306410869755, 0.08551514792754067, 0.12393582122319828, 0.14082806558406474, 0.083866511237976, 0.15269275982033914, 0.08365393034462199, 0.0924071172244125, 0.04218182750425402, 0.14036003036978215, 0.08576940272542088, 0.12344307571853774, 0.06211172504417579, 0.1], [0.1, 0.14002484798978324, 0.18537517970504303, 0.08196402307635714, 0.06805633982736545, 0.11170303028506395, 0.10283674786286112, 0.07142440055015627, 0.1061734823588932, 0.13247140096791765, 0.09267787727924687, 0.07127257679846136, 0.18344046029593264, 0.05798216706311264, 0.1], [0.1, 0.15164742934059539, 0.06978591418170783, 0.12132567967293237, 0.07608683143335748, 0.02921670570173371, 0.14523078019809998, 0.1189941972205238, 0.08446592833679807, 0.06276592459684953, 0.053733228332425366, 0.08986861250766792, 0.13471460075632272, 0.0949546690132183, 0.1], [0.1, 0.10577366200784279, 0.05028547486150656, 0.0462695016171225, 0.01901607529587164, 0.08622257610857958, 0.13214271419284052, 0.12556053043979978, 0.14799288542622574, 0.14325511105134656, 0.1288274413620956, 0.1118353099166471, 0.2166646330684773, 0.07764015109760747, 0.1], [0.1, 0.10811566570620029, 0.05133888087560817, 0.04227876245479495, 0.027596288837269552, 0.06399178988350297, 0.07579166286861058, 0.11274245588293584, 0.13736389875482927, 0.0654584902626876, 0.13879492558631606, 0.05695203542881998, 0.05660530678045861, 0.05412265372455792, 0.1], [0.1, 0.1442107267823986, 0.12025099072510326, 0.09229275736749865, 0.10488353843512722, 0.1123917381911326, 0.055183208011193, 0.20455616189688902, 0.09938853317867562, 0.04215296060564121, 0.08860608553942853, 0.0951051645688088, 0.08567211613039236, 0.18720654523990396, 0.1], [0.1, 0.08028134787900244, 0.10197862311629252, 0.12008222070373417, 0.0882908490466953, 0.13248966740932291, 0.06748864535192085, 0.11464263057014044, 0.12627723647731093, 0.03629901257969152, 0.11508798345941404, 0.12266304056643468, 0.09231673824190448, 0.06711043016367085, 0.1], [0.1, 0.0678695105836595, 0.11429258252346979, 0.11321552921422985, 0.13618779747786824, 0.037457821035917604, 0.10755178700430351, 0.09804988950338434, 0.05056083666306594, 0.08174606645754735, 0.12277896376299047, 0.054176475569925255, 0.08188227749967451, 0.08935576668602596, 0.1], [0.1, 0.11919886939517488, 0.0966012800677017, 0.024136506125354625, 0.06365040430656912, 0.15479720091617447, 0.15314199499347497, 0.13253238591926642, 0.15395243082469398, 0.11871752025006416, 0.10164508752925551, 0.127644729939837, 0.11456323416698665, 0.08663031814797073, 0.1], [0.1, 0.1, 0.1, 0.1, 0.1, 0.1, 0.1, 0.1, 0.1, 0.1, 0.1, 0.1, 0.1, 0.1, 0.1]], "velocity_v": [[0.1, 0.1, 0.1, 0.1, 0.1, 0.1, 0.1, 0.1, 0.1, 0.1, 0.1, 0.1, 0.1, 0.1, 0.1], [0.1, 0.1, 0.1, 0.1, 0.1, 0.1, 0.1, 0.1, 0.1, 0.1, 0.1, 0.1, 0.1, 0.1, 0.1], [0.1, 0.1, 0.1, 0.1, 0.1, 0.1, 0.1, 0.1, 0.1, 0.1, 0.1, 0.1, 0.1, 0.1, 0.1], [0.1, 0.1, 0.1, 0.1, 0.1, 0.1, 0.1, 0.1, 0.1, 0.1, 0.1, 0.1, 0.1, 0.1, 0.1], [0.1, 0.1, 0.1, 0.1, 0.1, 0.1, 0.1, 0.1, 0.1, 0.1, 0.1, 0.1, 0.1, 0.1, 0.1], [0.1, 0.1, 0.1, 0.1, 0.1, 0.1, 0.1, 0.1, 0.1, 0.1, 0.1, 0.1, 0.1, 0.1, 0.1], [0.1, 0.1, 0.1, 0.1, 0.1, 0.1, 0.1, 0.1, 0.1, 0.1, 0.1, 0.1, 0.1, 0.1, 0.1], [0.1, 0.1, 0.1, 0.1, 0.1, 0.1, 0.1, 0.1, 0.1, 0.1, 0.1, 0.1, 0.1, 0.1, 0.1], [0.1, 0.1, 0.1, 0.1, 0.1, 0.1, 0.1, 0.1, 0.1, 0.1, 0.1, 0.1, 0.1, 0.1, 0.1], [0.1, 0.1, 0.1, 0.1, 0.1, 0.1, 0.1, 0.1, 0.1, 0.1, 0.1, 0.1, 0.1, 0.1, 0.1], [0.1, 0.1, 0.1, 0.1, 0.1, 0.1, 0.1, 0.1, 0.1, 0.1, 0.1, 0.1, 0.1, 0.1, 0.1], [0.1, 0.1, 0.1, 0.1, 0.1, 0.1, 0.1, 0.1, 0.1, 0.1, 0.1, 0.1, 0.1, 0.1, 0.1], [0.1, 0.1, 0.1, 0.1, 0.1, 0.1, 0.1, 0.1, 0.1, 0.1, 0.1, 0.1, 0.1, 0.1, 0.1], [0.1, 0.1, 0.1, 0.1, 0.1, 0.1, 0.1, 0.1, 0.1, 0.1, 0.1, 0.1, 0.1, 0.1, 0.1], [0.1, 0.1, 0.1, 0.1, 0.1, 0.1, 0.1, 0.1, 0.1, 0.1, 0.1, 0.1, 0.1, 0.1, 0.1]],