{"generation": 39, "velocity_u": [[0.1, 0.1, 0.1, 0.1, 0.1, 0.1, 0.1, 0.1, 0.1, 0.1, 0.1, 0.1, 0.1, 0.1, 0.1], [0.1, 0.09511756426081999, 0.05176881612682048, 0.09139675525733389, 0.0534927263624556, 0.10663725279587431, 0.06670237944094887, 0.09990074170784, 0.06393176293507437, 0.06682815146656147, 0.12826137967935616, 0.05708355187667159, 0.0686793814701553, 0.09392857129818617, 0.1], [0.1, 0.10088036900841785, 0.2069691372106096, 0.09974714672181778, 0.11273989694336228, 0.1321533961006488, 0.12641918357218285, 0.06131205753180766, 0.039302144835172664, 0.10616552751077298, 0.09046776544158708, 0.0696701032683733, 0.07232784558514002, 0.14892218218048964, 0.1], [0.1, 0.07146886688461214, 0.09937776174216968, 0.027545104319132655, 0.09262908249212409, 0.07912313635996933, 0.07536095694356063, 0.15264065870324375, 0.09900063134475046, 0.08642831970673602, 0.02082739933811071, 0.13518855850399297, 0.07490486090780925, 0.08784197046032297, 0.1], [0.1, 0.08642984045405595, 0.0877304525284556, 0.11284445860738734, 0.03335423086389104, 0.052624193921182026, 0.05228618179789954, 0.11679208197063132, 0.19292595459424144, 0.07502299056390535, 0.08569867921323703, 0.07700201452587799, 0.10124424640617592, 0.11376244343254804, 0.1], [0.1, 0.06544340042090133, 0.07550247217921403, 0.12599877908087617, 0.1430239888337792, 0.08606612234458506, 0.1472533315921862, 0.09395496952281555, 0.09152953784056156, 0.04763247193435724, 0.14370698370447074, 0.08223024424031988, 0.1205476317354602, 0.0639901501756402, 0.1], [0.1, 0.12670041714990093, 0.18409535274056874, 0.0852883639505989, 0.06092790576025138, 0.1245489992292901, 0.09663831519149502, 0.0743869452622266, 0.09760814040652586, 0.13029866292630315, 0.10190112740002044, 0.07138097497085553, 0.17566641601661634, 0.06493844653976567, 0.1], [0.1, 0.1458106555970119, 0.07380832450256472, 0.12432594402532213, 0.07167444090863886, 0.022675423139412055, 0.13938222778078238, 0.11494134769260074, 0.07535054549041845, 0.06315294402591431, 0.05942321023399465, 0.08655898456265433, 0.1392035920695481, 0.0868000331990937, 0.1], [0.1, 0.10841112422488046, 0.05758818215996233, 0.0460850032857759, 0.013984241701478191, 0.09426596239975993, 0.13793869470212844, 0.1258641229500597, 0.1518028916959783, 0.13508505820089592, 0.12648892406962414, 0.11786247432940246, 0.22085727991922885, 0.08567174501365803, 0.1], [0.1, 0.09666764377678032, 0.05022825107926614, 0.03862677712781989, 0.036112134896311585, 0.06349934760117092, 0.06986904633072984, 0.10680013888488075, 0.13646076374742624, 0.06752565334912233, 0.15028830260227546, 0.05448003881938722, 0.06635651478128127, 0.049989835994337456, 0.1], [0.1, 0.1504899554083074, 0.12440253040818203, 0.08486605498622904, 0.09440840624217756, 0.10599551539728527, 0.04839722779951479, 0.19659365630440218, 0.098928924342096, 0.04372967874727021, 0.09961731120305849, 0.0851483118198303, 0.08091505535315453, 0.18613383441660714, 0.1], [0.1, 0.07409892244357047, 0.09796264551092329, 0.11408655585285826, 0.09024707933482205, 0.13964905605298258, 0.06417427197973642, 0.11615578362755065, 0.1270153606735542, 0.04160684207233553, 0.1162425606905336, 0.12852244950249775, 0.09607594250035886, 0.07662157278359473, 0.1], [0.1, 0.059490975890532614, 0.10664847532522852, 0.12398673213596567, 0.1308813469547291, 0.02757672704889883, 0.10305277476308955, 0.09295319379067368, 0.05909645355352948, 0.0794034770243961, 0.12527738304007766, 0.05585213964912956, 0.07431486169571937, 0.08439030124848917, 0.1], [0.1, 0.12354422795037642, 0.10058835267252593, 0.030209024458584553, 0.0653479630892302, 0.15175928458373106, 0.1594598166992673, 0.12347503803369564, 0.14412869721687557, 0.12302693485710145, 0.10241399733218769, 0.13261179730440203, 0.10897117326690454, 0.09599130343849421, 0.1], [0.1, 0.1, 0.1, 0.1, 0.1, 0.1, 0.1, 0.1, 0.1, 0.1, 0.1, 0.1, 0.1, 0.1, 0.1]], "velocity_v": [[0.1, 0.1, 0.1, 0.1, 0.1, 0.1, 0.1, 0.1, 0.1, 0.1, 0.1, 0.1, 0.1, 0.1, 0.1], [0.1, 0.1, 0.1, 0.1, 0.1, 0.1, 0.1, 0.1, 0.1, 0.1, 0.1, 0.1, 0.1, 0.1, 0.1], [0.1, 0.1, 0.1, 0.1, 0.1, 0.1, 0.1, 0.1, 0.1, 0.1, 0.1, 0.1, 0.1, 0.1, 0.1], [0.1, 0.1, 0.1, 0.1, 0.1, 0.1, 0.1, 0.1, 0.1, 0.1, 0.1, 0.1, 0.1, 0.1, 0.1], [0.1, 0.1, 0.1, 0.1, 0.1, 0.1, 0.1, 0.1, 0.1, 0.1, 0.1, 0.1, 0.1, 0.1, 0.1], [0.1, 0.1, 0.1, 0.1, 0.1, 0.1, 0.1, 0.1, 0.1, 0.1, 0.1, 0.1, 0.1, 0.1, 0.1], [0.1, 0.1, 0.1, 0.1, 0.1, 0.1, 0.1, 0.1, 0.1, 0.1, 0.1, 0.1, 0.1, 0.1, 0.1], [0.1, 0.1, 0.1, 0.1, 0.1, 0.1, 0.1, 0.1, 0.1, 0.1, 0.1, 0.1, 0.1, 0.1, 0.1], [0.1, 0.1, 0.1, 0.1, 0.1, 0.1, 0.1, 0.1, 0.1, 0.1, 0.1, 0.1, 0.1, 0.1, 0.1], [0.1, 0.1, 0.1, 0.1, 0.1, 0.1, 0.1, 0.1, 0.1, 0.1, 0.1, 0.1, 0.1, 0.1, 0.1], [0.1, 0.1, 0.1, 0.1, 0.1, 0.1, 0.1, 0.1, 0.1, 0.1, 0.1, 0.1, 0.1, 0.1, 0.1], [0.1, 0.1, 0.1, 0.1, 0.1, 0.1, 0.1, 0.1, 0.1, 0.1, 0.1, 0.1, 0.1, 0.1, 0.1], [0.1, 0.1, 0.1, 0.1, 0.1, 0.1, 0.1, 0.1, 0.1, 0.1, 0.1, 0.1, 0.1, 0.1, 0.1], [0.1, 0.1, 0.1, 0.1, 0.1, 0.1, 0.1, 0.1, 0.1, 0.1, 0.1, 0.1, 0.1, 0.1, 0.1], [0.1, 0.1, 0.1, 0.1, 0.1, 0.1, 0.1, 0.1, 0.1, 0.1, 0.1, 0.1, 0.1, 0.1, 0.1]],