{"generation": 28, "velocity_u": [[0.1, 0.1, 0.1, 0.1, 0.1, 0.1, 0.1, 0.1, 0.1, 0.1, 0.1, 0.1, 0.1, 0.1, 0.1], [0.1, 0.11329794972847014, 0.10632344244240569, 0.05116796095454516, 0.05426316585309405, 0.08401685496713084, 0.08934814552765664, 0.0915303976340844, 0.0497770029018674, 0.06344311254480481, 0.08985757193700335, 0.07373969321388563, 0.07218535286993397, 0.11748609301035218, 0.1], [0.1, 0.06393309633253492, 0.17012315327208116, 0.10762569319742087, 0.08942937155435171, 0.08881955935884622, 0.11446880505190209, 0.0888674485152882, 0.05342477302001064, 0.12007246852755195, 0.06574957026264176, 0.11106287169973822, 0.08574446943441286, 0.1261629891512173, 0.1], [0.1, 0.06361223303861857, 0.03811882461825062, 0.0743134167224707, 0.07826901386903064, 0.06553583230040416, 0.06802943719824553, 0.18462709854695042, 0.13786726157202933, 0.0559772854245119, 0.05109889699153551, 0.10021061214796766, 0.11689684796518074, 0.08991971848430631, 0.1], [0.1, 0.08340461801435942, 0.12900861968031882, 0.12507423576840193, 0.07539166785896459, 0.07093392162397677, 0.08908944155009808, 0.07839441285990482, 0.1385327287376657, 0.05363769892275676, 0.12812087794849158, 0.06530232490430049, 0.12736067164573367, 0.09839937774065592, 0.1], [0.1, 0.09159303295558927, 0.09246717538518603, 0.07228923000999384, 0.12834726067393024, 0.10552699654025886, 0.1448544258260396, 0.1080197732547268, 0.09838673806978829, 0.06833997044894484, 0.0954359366702939, 0.09932450509929275, 0.14684362641949375, 0.04742479563906284, 0.1], [0.1, 0.17611436231869604, 0.13927815672872954, 0.09559585568279316, 0.05232055032352494, 0.08110412369738565, 0.09486295905446838, 0.09378723136548373, 0.10612291168842382, 0.1372953416044973, 0.06706989486597081, 0.07338160383168767, 0.17709050231089385, 0.08214383044743334, 0.1], [0.1, 0.11569774384031477, 0.035745991313446863, 0.12486932288822226, 0.08100652173767073, 0.03295613455152102, 0.14162686320009368, 0.14402426396203222, 0.10145086832832464, 0.08253751718658407, 0.05609367239363525, 0.08708740890267734, 0.13639131334298604, 0.10150317175912947, 0.1], [0.1, 0.10010843207419658, 0.05530736140901348, 0.060719203069031696, 0.03934277711065175, 0.09551728433740872, 0.10496539933253679, 0.12389792299710344, 0.14199467040761618, 0.0964087155151472, 0.15668454129877848, 0.09280877385323827, 0.13271674439351377, 0.07875916222953676, 0.1], [0.1, 0.12293268662279613, 0.081313405355454, 0.07057134434355641, 0.09422309360317276, 0.07649028713307282, 0.07811568347778204, 0.13766037729101852, 0.07657179384543825, 0.052716017756220285, 0.11163123781776278, 0.05998633136084988, 0.06308951297584488, 0.09116654065877665, 0.1], [0.1, 0.10286018810016465, 0.14960989661989146, 0.14714748610167408, 0.12425117985438369, 0.12693212977146098, 0.06109296795931264, 0.12705565017569445, 0.10874233164486509, 0.0842434263387131, 0.11519464652651155, 0.0903479691313555, 0.09026242792580658, 0.1308608168634025, 0.1], [0.1, 0.05307052469464095, 0.0954367343128033, 0.092867228750097, 0.09362262181901299, 0.10567875656268856, 0.08909898655638226, 0.07917658856367639, 0.09430796251759205, 0.06547026047303259, 0.11343145485742906, 0.0868867092876979, 0.0692202621810089, 0.05201904738279392, 0.1], [0.1, 0.07756218350515932, 0.12299183664903973, 0.09493361209469073, 0.10733806434353742, 0.06069152825730775, 0.1539359052636456, 0.1320679862232875, 0.1001484559424246, 0.10697454252407733, 0.078565121275628, 0.07346749315831744, 0.10662481329292277, 0.12600028950195621, 0.1], [0.1, 0.1177641077310242, 0.09599413948167487, 0.06303073274270679, 0.09836541518094363, 0.13249885163994132, 0.1274651173705532, 0.11927471120412923, 0.1726961526968243, 0.14531825583515298, 0.11527473622894105, 0.11080791407798238, 0.10436827346798505, 0.0838980893417155, 0.1], [0.1, 0.1, 0.1, 0.1, 0.1, 0.1, 0.1, 0.1, 0.1, 0.1, 0.1, 0.1, 0.1, 0.1, 0.1]], "velocity_v": [[0.1, 0.1, 0.1, 0.1, 0.1, 0.1, 0.1, 0.1, 0.1, 0.1, 0.1, 0.1, 0.1, 0.1, 0.1], [0.1, 0.1, 0.1, 0.1, 0.1, 0.1, 0.1, 0.1, 0.1, 0.1, 0.1, 0.1, 0.1, 0.1, 0.1], [0.1, 0.1, 0.1, 0.1, 0.1, 0.1, 0.1, 0.1, 0.1, 0.1, 0.1, 0.1, 0.1, 0.1, 0.1], [0.1, 0.1, 0.1, 0.1, 0.1, 0.1, 0.1, 0.1, 0.1, 0.1, 0.1, 0.1, 0.1, 0.1, 0.1], [0.1, 0.1, 0.1, 0.1, 0.1, 0.1, 0.1, 0.1, 0.1, 0.1, 0.1, 0.1, 0.1, 0.1, 0.1], [0.1, 0.1, 0.1, 0.1, 0.1, 0.1, 0.1, 0.1, 0.1, 0.1, 0.1, 0.1, 0.1, 0.1, 0.1], [0.1, 0.1, 0.1, 0.1, 0.1, 0.1, 0.1, 0.1, 0.1, 0.1, 0.1, 0.1, 0.1, 0.1, 0.1], [0.1, 0.1, 0.1, 0.1, 0.1, 0.1, 0.1, 0.1, 0.1, 0.1, 0.1, 0.1, 0.1, 0.1, 0.1], [0.1, 0.1, 0.1, 0.1, 0.1, 0.1, 0.1, 0.1, 0.1, 0.1, 0.1, 0.1, 0.1, 0.1, 0.1], [0.1, 0.1, 0.1, 0.1, 0.1, 0.1, 0.1, 0.1, 0.1, 0.1, 0.1, 0.1, 0.1, 0.1, 0.1], [0.1, 0.1, 0.1, 0.1, 0.1, 0.1, 0.1, 0.1, 0.1, 0.1, 0.1, 0.1, 0.1, 0.1, 0.1], [0.1, 0.1, 0.1, 0.1, 0.1, 0.1, 0.1, 0.1, 0.1, 0.1, 0.1, 0.1, 0.1, 0.1, 0.1], [0.1, 0.1, 0.1, 0.1, 0.1, 0.1, 0.1, 0.1, 0.1, 0.1, 0.1, 0.1, 0.1, 0.1, 0.1], [0.1, 0.1, 0.1, 0.1, 0.1, 0.1, 0.1, 0.1, 0.1, 0.1, 0.1, 0.1, 0.1, 0.1, 0.1], [0.1, 0.1, 0.1, 0.1, 0.1, 0.1, 0.1, 0.1, 0.1, 0.1, 0.1, 0.1, 0.1, 0.1, 0.1]],