{"generation": 8, "velocity_u": [[0.1, 0.1, 0.1, 0.1, 0.1, 0.1, 0.1, 0.1, 0.1, 0.1, 0.1, 0.1, 0.1, 0.1, 0.1], [0.1, 0.11730263611672176, 0.12383879641617021, 0.10715515540080008, 0.06206072937911943, 0.08412500404115832, 0.08399645535552264, 0.09460361622122196, 0.09317426828744141, 0.09352976896998005, 0.07017822103185974, 0.09355520373270013, 0.10543601065328653, 0.10078627633944297, 0.1], [0.1, 0.0801274328904703, 0.0818080922616209, 0.11148966031774067, 0.09829412056016681, 0.09617225865430737, 0.10398539565013976, 0.1206587042377523, 0.11342565509906635, 0.09562196538328291, 0.08880807214252388, 0.07792595169024125, 0.09480647396507462, 0.07992597773835301, 0.1], [0.1, 0.08202065385317692, 0.09557988617372692, 0.11108598149981871, 0.07487960823983038, 0.10762034435166576, 0.10735114770357185, 0.08692648396805938, 0.09664931808521526, 0.05260518701786035, 0.09854779845847694, 0.08191705541544358, 0.09547209300240739, 0.09944586830281442, 0.1], [0.1, 0.11899908612960232, 0.12193580692903314, 0.11392376836618492, 0.11612689535839324, 0.08602683962091365, 0.12759088682002795, 0.08305350731183331, 0.0838203131121901, 0.11763538781616191, 0.1100521950123396, 0.07053960789826869, 0.11378892062511406, 0.09613027307056868, 0.1], [0.1, 0.1317145433896399, 0.07079443506541445, 0.09612829290030799, 0.08471868276634302, 0.09414458729565245, 0.09625231074320853, 0.1332914418880958, 0.10755294418403802, 0.09860034307547433, 0.0713529858353335, 0.1131196041229292, 0.10674875004584876, 0.0953586392884857, 0.1], [0.1, 0.09090018379426389, 0.10255288483213586, 0.1352273658026051, 0.06976325556470055, 0.07440011038028674, 0.10499139455791445, 0.11821274005080643, 0.116056067433919, 0.08301476246735881, 0.09400604422234676, 0.06438393737304322, 0.07790087742493833, 0.0953509957466082, 0.1], [0.1, 0.08395195496719259, 0.09625092703309822, 0.09051463906076612, 0.08460153565588666, 0.10430004999294272, 0.10941588416105691, 0.12718849827120857, 0.10289705852254809, 0.09869917779517291, 0.09703544606689371, 0.10115786703425256, 0.10722641849461859, 0.10172547859020753, 0.1], [0.1, 0.11205745966692007, 0.09668137194588824, 0.10137803352748478, 0.09920780282811797, 0.11467402097746154, 0.07624904235188573, 0.09774868084374257, 0.10531339853704996, 0.08331125442938417, 0.1035971741295335, 0.10309908598801104, 0.08507538740875185, 0.11386858368278466, 0.1], [0.1, 0.09058575182681422, 0.08983693770084136, 0.09595777917228918, 0.10931592209966134, 0.11667267779019566, 0.08436365057146988, 0.07729821684639142, 0.08288578346988346, 0.08139452854448037, 0.09546368309159245, 0.0886575875776441, 0.10005222758082452, 0.10513940953373443, 0.1], [0.1, 0.09539941039312153, 0.08901944227327402, 0.11744051782155533, 0.0895174288798912, 0.1120063383894931, 0.11881174973061479, 0.11762397461498784, 0.10794180207447028, 0.1192589133332808, 0.11584783568140293, 0.09655162243413383, 0.13942047036627725, 0.08628725422270161, 0.1], [0.1, 0.10283597433120291, 0.07092904379003971, 0.07851179367619014, 0.13350686222561262, 0.08514831734797605, 0.13431804916380652, 0.09091295800686687, 0.12362859193864441, 0.1050786529196664, 0.10508426081674752, 0.08165568343700112, 0.1077283043835403, 0.10598368726677085, 0.1], [0.1, 0.10849808611983416, 0.1141916599879584, 0.09537314373395436, 0.11031673330793433, 0.10126496968428328, 0.10790858551707927, 0.08990986454556532, 0.09610430770500379, 0.12921800377203962, 0.09431877090568673, 0.10439257533926521, 0.11303948081172639, 0.13259299099743282, 0.1], [0.1, 0.11049794977565972, 0.08560892538042952, 0.07082969510844084, 0.0915480724890469, 0.11234204447173475, 0.07597856787263814, 0.09087904577593023, 0.11249380271908602, 0.10228876787302517, 0.10035248622676389, 0.08856558819472113, 0.09292971493982209, 0.08061480579146153, 0.1], [0.1, 0.1, 0.1, 0.1, 0.1, 0.1, 0.1, 0.1, 0.1, 0.1, 0.1, 0.1, 0.1, 0.1, 0.1]], "velocity_v": [[0.1, 0.1, 0.1, 0.1, 0.1, 0.1, 0.1, 0.1, 0.1, 0.1, 0.1, 0.1, 0.1, 0.1, 0.1], [0.1, 0.1, 0.1, 0.1, 0.1, 0.1, 0.1, 0.1, 0.1, 0.1, 0.1, 0.1, 0.1, 0.1, 0.1], [0.1, 0.1, 0.1, 0.1, 0.1, 0.1, 0.1, 0.1, 0.1, 0.1, 0.1, 0.1, 0.1, 0.1, 0.1], [0.1, 0.1, 0.1, 0.1, 0.1, 0.1, 0.1, 0.1, 0.1, 0.1, 0.1, 0.1, 0.1, 0.1, 0.1], [0.1, 0.1, 0.1, 0.1, 0.1, 0.1, 0.1, 0.1, 0.1, 0.1, 0.1, 0.1, 0.1, 0.1, 0.1], [0.1, 0.1, 0.1, 0.1, 0.1, 0.1, 0.1, 0.1, 0.1, 0.1, 0.1, 0.1, 0.1, 0.1, 0.1], [0.1, 0.1, 0.1, 0.1, 0.1, 0.1, 0.1, 0.1, 0.1, 0.1, 0.1, 0.1, 0.1, 0.1, 0.1], [0.1, 0.1, 0.1, 0.1, 0.1, 0.1, 0.1, 0.1, 0.1, 0.1, 0.1, 0.1, 0.1, 0.1, 0.1], [0.1, 0.1, 0.1, 0.1, 0.1, 0.1, 0.1, 0.1, 0.1, 0.1, 0.1, 0.1, 0.1, 0.1, 0.1], [0.1, 0.1, 0.1, 0.1, 0.1, 0.1, 0.1, 0.1, 0.1, 0.1, 0.1, 0.1, 0.1, 0.1, 0.1], [0.1, 0.1, 0.1, 0.1, 0.1, 0.1, 0.1, 0.1, 0.1, 0.1, 0.1, 0.1, 0.1, 0.1, 0.1], [0.1, 0.1, 0.1, 0.1, 0.1, 0.1, 0.1, 0.1, 0.1, 0.1, 0.1, 0.1, 0.1, 0.1, 0.1], [0.1, 0.1, 0.1, 0.1, 0.1, 0.1, 0.1, 0.1, 0.1, 0.1, 0.1, 0.1, 0.1, 0.1, 0.1], [0.1, 0.1, 0.1, 0.1, 0.1, 0.1, 0.1, 0.1, 0.1, 0.1, 0.1, 0.1, 0.1, 0.1, 0.1], [0.1, 0.1, 0.1, 0.1, 0.1, 0.1, 0.1, 0.1, 0.1, 0.1, 0.1, 0.1, 0.1, 0.1, 0.1]],