{"generation": 44, "velocity_u": [[0.1, 0.1, 0.1, 0.1, 0.1, 0.1, 0.1, 0.1, 0.1, 0.1, 0.1, 0.1, 0.1, 0.1, 0.1], [0.1, 0.11643032521810628, 0.040188578025930274, 0.09855823931823182, 0.05285581093627319, 0.09266488813841064, 0.05919487013520514, 0.10792664552520238, 0.07186689163954714, 0.08089181019320034, 0.13093501838547755, 0.06738328070805834, 0.05768209477100175, 0.07536657975093758, 0.1], [0.1, 0.09980739642049676, 0.17636578876614464, 0.10631849622752754, 0.07652405828267526, 0.14994048798651066, 0.12891835184410977, 0.06496771315653757, 0.04317633284466601, 0.08329840972599896, 0.10006339287004846, 0.06136119146282601, 0.07527971037601447, 0.1339969446384596, 0.1], [0.1, 0.06195737055746511, 0.14767425535180645, 0.03458905633938274, 0.1376452886091684, 0.10865029031518308, 0.07809216508344172, 0.11020839617100431, 0.06431587630862538, 0.09379783971185039, 0.006549274998319075, 0.12915239216418348, 0.06668180552020406, 0.08172786856949227, 0.1], [0.1, 0.09204031144882319, 0.09650895652357437, 0.10000720800429155, 0.025318594561675338, 0.022298002021413937, 0.04742191660032583, 0.13082589347345022, 0.18816983227252188, 0.08242963289846869, 0.07896322111508801, 0.09087366511924377, 0.07884371363652011, 0.12028483682056526, 0.1], [0.1, 0.06790317811562893, 0.07741177298429865, 0.14771225436125732, 0.142411505225416, 0.07107561265198097, 0.1148558489509481, 0.09239892739123926, 0.09459026272439884, 0.03960081061706068, 0.14688462334344426, 0.0774180805570148, 0.09843869128464589, 0.0877865574511296, 0.1], [0.1, 0.07910983264293069, 0.18532922082743597, 0.0742361380139334, 0.06517012063069241, 0.14222134238092166, 0.11789907538811492, 0.08705921034931986, 0.08315609160395815, 0.13546147564002153, 0.15056378552037272, 0.05701003053055853, 0.1690220428926588, 0.053882688043521795, 0.1], [0.1, 0.13215506676263214, 0.08217686683960854, 0.13121957360574987, 0.07205447038598939, 0.011234744882083673, 0.12536121341654816, 0.07615313481348832, 0.07185870554889326, 0.04475306951806948, 0.07958334948658892, 0.07709219190789805, 0.10403572386993166, 0.08563236617811482, 0.1], [0.1, 0.14381988315121366, 0.07895566346234763, 0.04315555963766093, 0.02388331346916689, 0.05857410305825158, 0.17340411555430152, 0.12718083639879, 0.11621854901139005, 0.12939887513866677, 0.09054482813292497, 0.12534588124762916, 0.2313347689006864, 0.08148050592355734, 0.1], [0.1, 0.10480925008173399, 0.05003659023187933, 0.034570128540128454, 0.02934590861675032, 0.07622548186938434, 0.0525211872083359, 0.08167905529314082, 0.15002166969858566, 0.07729388847172743, 0.17382860368396044, 0.055551220238306484, 0.09610268535827277, 0.06374263604070167, 0.1], [0.1, 0.16456611466116577, 0.1081936416086155, 0.06786828004573207, 0.09898511474626831, 0.09370864150260264, 0.053183607729347646, 0.18691501224850307, 0.10063196903726297, 0.0321525614917165, 0.10231252999422258, 0.0753954158001028, 0.0793670611872984, 0.17394369679768917, 0.1], [0.1, 0.09320905295106957, 0.11528556862935681, 0.11684878643371097, 0.06852951328099122, 0.15189560869642588, 0.06754004790073481, 0.13422397152154983, 0.13448051122775104, 0.056227969720324456, 0.09035453869755183, 0.13057811438656397, 0.11123174030574588, 0.08152504025872073, 0.1], [0.1, 0.04248860139656851, 0.1119964058621626, 0.15666654000702226, 0.16254285558267798, 0.03980928894993261, 0.0878399080820607, 0.11623995409133951, 0.07830741799467728, 0.06139182020439632, 0.1380086049695525, 0.045072474119500834, 0.09401667281026284, 0.08074928893546739, 0.1], [0.1, 0.10768344850703832, 0.09087169291673373, 0.031983237331534686, 0.0720918563503044, 0.13476151988983365, 0.15449140237013465, 0.11012893185517046, 0.13696851976733496, 0.12109556498324324, 0.12184904196749692, 0.0919132655435548, 0.11320688985514869, 0.06718178584992536, 0.1], [0.1, 0.1, 0.1, 0.1, 0.1, 0.1, 0.1, 0.1, 0.1, 0.1, 0.1, 0.1, 0.1, 0.1, 0.1]], "velocity_v": [[0.1, 0.1, 0.1, 0.1, 0.1, 0.1, 0.1, 0.1, 0.1, 0.1, 0.1, 0.1, 0.1, 0.1, 0.1], [0.1, 0.1, 0.1, 0.1, 0.1, 0.1, 0.1, 0.1, 0.1, 0.1, 0.1, 0.1, 0.1, 0.1, 0.1], [0.1, 0.1, 0.1, 0.1, 0.1, 0.1, 0.1, 0.1, 0.1, 0.1, 0.1, 0.1, 0.1, 0.1, 0.1], [0.1, 0.1, 0.1, 0.1, 0.1, 0.1, 0.1, 0.1, 0.1, 0.1, 0.1, 0.1, 0.1, 0.1, 0.1], [0.1, 0.1, 0.1, 0.1, 0.1, 0.1, 0.1, 0.1, 0.1, 0.1, 0.1, 0.1, 0.1, 0.1, 0.1], [0.1, 0.1, 0.1, 0.1, 0.1, 0.1, 0.1, 0.1, 0.1, 0.1, 0.1, 0.1, 0.1, 0.1, 0.1], [0.1, 0.1, 0.1, 0.1, 0.1, 0.1, 0.1, 0.1, 0.1, 0.1, 0.1, 0.1, 0.1, 0.1, 0.1], [0.1, 0.1, 0.1, 0.1, 0.1, 0.1, 0.1, 0.1, 0.1, 0.1, 0.1, 0.1, 0.1, 0.1, 0.1], [0.1, 0.1, 0.1, 0.1, 0.1, 0.1, 0.1, 0.1, 0.1, 0.1, 0.1, 0.1, 0.1, 0.1, 0.1], [0.1, 0.1, 0.1, 0.1, 0.1, 0.1, 0.1, 0.1, 0.1, 0.1, 0.1, 0.1, 0.1, 0.1, 0.1], [0.1, 0.1, 0.1, 0.1, 0.1, 0.1, 0.1, 0.1, 0.1, 0.1, 0.1, 0.1, 0.1, 0.1, 0.1], [0.1, 0.1, 0.1, 0.1, 0.1, 0.1, 0.1, 0.1, 0.1, 0.1, 0.1, 0.1, 0.1, 0.1, 0.1], [0.1, 0.1, 0.1, 0.1, 0.1, 0.1, 0.1, 0.1, 0.1, 0.1, 0.1, 0.1, 0.1, 0.1, 0.1], [0.1, 0.1, 0.1, 0.1, 0.1, 0.1, 0.1, 0.1, 0.1, 0.1, 0.1, 0.1, 0.1, 0.1, 0.1], [0.1, 0.1, 0.1, 0.1, 0.1, 0.1, 0.1, 0.1, 0.1, 0.1, 0.1, 0.1, 0.1, 0.1, 0.1]],