{"generation": 33, "velocity_u": [[0.1, 0.1, 0.1, 0.1, 0.1, 0.1, 0.1, 0.1, 0.1, 0.1, 0.1, 0.1, 0.1, 0.1, 0.1], [0.1, 0.1089983808452008, 0.07273978367412391, 0.05962668100097529, 0.06408335321881518, 0.09411877134727073, 0.07880925005474565, 0.08939617840742811, 0.057541819481981095, 0.06231982759630336, 0.09577490384292849, 0.06708363016735808, 0.0448290097678885, 0.10221554995401046, 0.1], [0.1, 0.08420438106409063, 0.1938110115020082, 0.09714941145869654, 0.09689809514330902, 0.11539240965360675, 0.12167789048326001, 0.07646838534471148, 0.04752434201670915, 0.1070655073279484, 0.0781882331983496, 0.10763680730991182, 0.07893259981689768, 0.1349846111879322, 0.1], [0.1, 0.06844026111196336, 0.07170342748818712, 0.05028013670563769, 0.07224146580598, 0.060786615477297766, 0.07488969121069373, 0.191498873955158, 0.12293599999323868, 0.05963802071103442, 0.04240693264745073, 0.12351282889005388, 0.1022142512564456, 0.09088386294262954, 0.1], [0.1, 0.07997413670104066, 0.09977666741356059, 0.15063069428086184, 0.04984600971505036, 0.04674899204450454, 0.06869996486661983, 0.07589565444419978, 0.1571121680908873, 0.047247439994552144, 0.12847379128718864, 0.06005982397737057, 0.12176323759936783, 0.10494905446734332, 0.1], [0.1, 0.05941319137441953, 0.10967798005833684, 0.09367548994906309, 0.14223625796762504, 0.10772651738923637, 0.1412112604785985, 0.09130116125129012, 0.0807666608586181, 0.060877363818242713, 0.108755931364317, 0.09851275803610947, 0.13100814682973258, 0.048671307736164966, 0.1], [0.1, 0.15278921139961538, 0.16405139416143308, 0.08419807985579626, 0.06528320384064502, 0.09857919396058729, 0.08679815604645552, 0.07234321430081606, 0.11882401905292035, 0.12336647801047958, 0.0651271141642938, 0.08159282711469784, 0.20311151273981726, 0.06796278911905973, 0.1], [0.1, 0.13799695477185817, 0.05493167912368497, 0.1266263139109362, 0.061093038785886115, 0.02056818487908354, 0.14292298786373664, 0.13483163762069533, 0.10000331411651962, 0.07362044488555404, 0.053566912233208405, 0.09392978560935165, 0.14432440500824484, 0.0923358014522874, 0.1], [0.1, 0.11555344186103082, 0.035187198590725374, 0.04991847922598039, 0.03392764076952615, 0.08639018082454321, 0.12153335220187793, 0.11595476323475377, 0.16353758405467625, 0.12912787715584326, 0.13821190234249855, 0.092405706826941, 0.18577805367815098, 0.07166187478797433, 0.1], [0.1, 0.13112970721125344, 0.05981707247569533, 0.05515109555140731, 0.05271608493216324, 0.04247652920803182, 0.07352720900472416, 0.13490342636676558, 0.10720856488737267, 0.05920864101575606, 0.12836494212187302, 0.057161762940760995, 0.04475417087136431, 0.08961741005366657, 0.1], [0.1, 0.13371799133245357, 0.1440849869272943, 0.12183673674657856, 0.11368311436015174, 0.12130858295889477, 0.054143357223759334, 0.1673983589518717, 0.10295799019393367, 0.07496204676918373, 0.0945530688750072, 0.09041585775268374, 0.0858531036100765, 0.17497395056388906, 0.1], [0.1, 0.05857165598379169, 0.09929918289742393, 0.12238243965203553, 0.09780907307786874, 0.12625289746086613, 0.07511197814667052, 0.08830165938968287, 0.11294614728994093, 0.0578216880198541, 0.1252219365471351, 0.07892384669522065, 0.07880264642663116, 0.056436096631168525, 0.1], [0.1, 0.07898602450691715, 0.11655066876981338, 0.08853296158834532, 0.11591688793758734, 0.062348703494296616, 0.12315900551735916, 0.1193200199802048, 0.08094244543339353, 0.09647738399339884, 0.11045883032136093, 0.06710680796130362, 0.09118841986780181, 0.09189432006945343, 0.1], [0.1, 0.11868576602628421, 0.10372320312684218, 0.04655272727840521, 0.0678217977764373, 0.150440637610058, 0.1291238425125314, 0.12385083083773225, 0.1683422010396236, 0.14461257731754246, 0.11555008967680919, 0.12308176794737587, 0.11504405251689027, 0.07058254477600158, 0.1], [0.1, 0.1, 0.1, 0.1, 0.1, 0.1, 0.1, 0.1, 0.1, 0.1, 0.1, 0.1, 0.1, 0.1, 0.1]], "velocity_v": [[0.1, 0.1, 0.1, 0.1, 0.1, 0.1, 0.1, 0.1, 0.1, 0.1, 0.1, 0.1, 0.1, 0.1, 0.1], [0.1, 0.1, 0.1, 0.1, 0.1, 0.1, 0.1, 0.1, 0.1, 0.1, 0.1, 0.1, 0.1, 0.1, 0.1], [0.1, 0.1, 0.1, 0.1, 0.1, 0.1, 0.1, 0.1, 0.1, 0.1, 0.1, 0.1, 0.1, 0.1, 0.1], [0.1, 0.1, 0.1, 0.1, 0.1, 0.1, 0.1, 0.1, 0.1, 0.1, 0.1, 0.1, 0.1, 0.1, 0.1], [0.1, 0.1, 0.1, 0.1, 0.1, 0.1, 0.1, 0.1, 0.1, 0.1, 0.1, 0.1, 0.1, 0.1, 0.1], [0.1, 0.1, 0.1, 0.1, 0.1, 0.1, 0.1, 0.1, 0.1, 0.1, 0.1, 0.1, 0.1, 0.1, 0.1], [0.1, 0.1, 0.1, 0.1, 0.1, 0.1, 0.1, 0.1, 0.1, 0.1, 0.1, 0.1, 0.1, 0.1, 0.1], [0.1, 0.1, 0.1, 0.1, 0.1, 0.1, 0.1, 0.1, 0.1, 0.1, 0.1, 0.1, 0.1, 0.1, 0.1], [0.1, 0.1, 0.1, 0.1, 0.1, 0.1, 0.1, 0.1, 0.1, 0.1, 0.1, 0.1, 0.1, 0.1, 0.1], [0.1, 0.1, 0.1, 0.1, 0.1, 0.1, 0.1, 0.1, 0.1, 0.1, 0.1, 0.1, 0.1, 0.1, 0.1], [0.1, 0.1, 0.1, 0.1, 0.1, 0.1, 0.1, 0.1, 0.1, 0.1, 0.1, 0.1, 0.1, 0.1, 0.1], [0.1, 0.1, 0.1, 0.1, 0.1, 0.1, 0.1, 0.1, 0.1, 0.1, 0.1, 0.1, 0.1, 0.1, 0.1], [0.1, 0.1, 0.1, 0.1, 0.1, 0.1, 0.1, 0.1, 0.1, 0.1, 0.1, 0.1, 0.1, 0.1, 0.1], [0.1, 0.1, 0.1, 0.1, 0.1, 0.1, 0.1, 0.1, 0.1, 0.1, 0.1, 0.1, 0.1, 0.1, 0.1], [0.1, 0.1, 0.1, 0.1, 0.1, 0.1, 0.1, 0.1, 0.1, 0.1, 0.1, 0.1, 0.1, 0.1, 0.1]],