{"generation": 6, "velocity_u": [[0.1, 0.1, 0.1, 0.1, 0.1, 0.1, 0.1, 0.1, 0.1, 0.1, 0.1, 0.1, 0.1, 0.1, 0.1], [0.1, 0.1146996090582358, 0.11201655624211761, 0.09589083119262459, 0.07010140116519457, 0.07985619666687559, 0.08200836831000739, 0.08990272560395643, 0.09765431845485636, 0.10106429480836795, 0.07499256892628646, 0.10891418466509298, 0.09565258667638445, 0.10935960729639785, 0.1], [0.1, 0.0684620153764543, 0.08208378826125323, 0.0984022287002914, 0.09201034296209669, 0.10637255605031037, 0.09744961826556865, 0.1267668551796536, 0.10778146870977043, 0.09511852605972236, 0.09114660447933592, 0.08566633168873777, 0.0924697042865968, 0.07723308890194017, 0.1], [0.1, 0.09361481644891595, 0.10241875168059184, 0.09907803361617552, 0.07752387552299778, 0.10985741325640172, 0.10835608293352844, 0.07752432245438158, 0.0951462678703877, 0.05598775586642894, 0.09205922811734768, 0.07736888965378155, 0.09578373478379658, 0.09874207593299034, 0.1], [0.1, 0.11613191522266432, 0.11379958524114274, 0.10165756798093613, 0.10169882764509629, 0.0914471013818875, 0.11717822485541317, 0.0914693577576905, 0.09130642727802284, 0.12128565478268169, 0.11038039313643407, 0.08581706758925337, 0.11242459991764113, 0.10371715599608908, 0.1], [0.1, 0.11513565358341575, 0.07592500285487265, 0.10128440202621598, 0.09068045237720365, 0.08595050096692643, 0.1021804988896043, 0.12258496980314681, 0.10753303233874993, 0.08816413389894476, 0.07047402790047969, 0.11471550628417258, 0.10168853986037997, 0.09101566743957251, 0.1], [0.1, 0.0732763045399528, 0.11296041157322467, 0.11862556989788473, 0.05711526426534888, 0.0866543575849973, 0.10265846316715986, 0.10964445666108512, 0.1095776740133708, 0.08489730314130588, 0.08563420764486455, 0.06915069741391879, 0.08855481690495888, 0.10600012648848221, 0.1], [0.1, 0.0919484604906403, 0.10227449171907405, 0.09776675653762268, 0.09238961059312652, 0.09042757761557078, 0.10296450925762152, 0.12291010414209451, 0.11507062469091578, 0.09495854705866846, 0.08931014591998081, 0.10511460329777507, 0.11029667318581199, 0.09694823142695527, 0.1], [0.1, 0.10918844498480273, 0.10410269969477584, 0.10148653865018209, 0.09555232653685376, 0.10783875641968385, 0.08643924349185463, 0.09734504181452086, 0.10826564360385396, 0.08142783134937423, 0.09885853185665472, 0.09594502392062543, 0.0775164684160923, 0.10235149701941626, 0.1], [0.1, 0.09628438693207104, 0.09973082427321608, 0.09445155153908591, 0.10456677938888934, 0.1159258417305395, 0.08974566514463825, 0.0809873628518713, 0.08753798844611478, 0.10115137263129788, 0.10363796235264075, 0.09695460163719327, 0.09299072604371961, 0.10334553784029271, 0.1], [0.1, 0.10793348729553617, 0.09158675194329516, 0.12512971494677994, 0.0926855948209501, 0.11242830724313073, 0.1355087373239789, 0.12101861194806317, 0.0998630133603894, 0.1184356722318988, 0.11192013467263871, 0.09300702343267887, 0.12279707662390292, 0.10335503352772879, 0.1], [0.1, 0.10261983147147778, 0.07945586678607112, 0.08735884237423927, 0.13605164638069692, 0.08608357237622688, 0.11782010070586597, 0.09331068059252919, 0.11329333677917335, 0.10712339535874271, 0.09994147981633161, 0.08321972656141165, 0.10175053866891466, 0.09669918239144049, 0.1], [0.1, 0.11264712262850149, 0.12311295442081918, 0.10666169074505691, 0.11112053423904367, 0.10827392044614119, 0.09207752668405111, 0.08649018230968872, 0.10405631598455584, 0.126940978875445, 0.10342920200094634, 0.09248277981026479, 0.11405857554883793, 0.11850763916223514, 0.1], [0.1, 0.10505114525428295, 0.08680106504643677, 0.07416917240251525, 0.09886748871893636, 0.10834450505056202, 0.08580987600867837, 0.09204388269221414, 0.11267662845935943, 0.09524138061611079, 0.10522282679562742, 0.08269082567948755, 0.09977432070881864, 0.07504526709275625, 0.1], [0.1, 0.1, 0.1, 0.1, 0.1, 0.1, 0.1, 0.1, 0.1, 0.1, 0.1, 0.1, 0.1, 0.1, 0.1]], "velocity_v": [[0.1, 0.1, 0.1, 0.1, 0.1, 0.1, 0.1, 0.1, 0.1, 0.1, 0.1, 0.1, 0.1, 0.1, 0.1], [0.1, 0.1, 0.1, 0.1, 0.1, 0.1, 0.1, 0.1, 0.1, 0.1, 0.1, 0.1, 0.1, 0.1, 0.1], [0.1, 0.1, 0.1, 0.1, 0.1, 0.1, 0.1, 0.1, 0.1, 0.1, 0.1, 0.1, 0.1, 0.1, 0.1], [0.1, 0.1, 0.1, 0.1, 0.1, 0.1, 0.1, 0.1, 0.1, 0.1, 0.1, 0.1, 0.1, 0.1, 0.1], [0.1, 0.1, 0.1, 0.1, 0.1, 0.1, 0.1, 0.1, 0.1, 0.1, 0.1, 0.1, 0.1, 0.1, 0.1], [0.1, 0.1, 0.1, 0.1, 0.1, 0.1, 0.1, 0.1, 0.1, 0.1, 0.1, 0.1, 0.1, 0.1, 0.1], [0.1, 0.1, 0.1, 0.1, 0.1, 0.1, 0.1, 0.1, 0.1, 0.1, 0.1, 0.1, 0.1, 0.1, 0.1], [0.1, 0.1, 0.1, 0.1, 0.1, 0.1, 0.1, 0.1, 0.1, 0.1, 0.1, 0.1, 0.1, 0.1, 0.1], [0.1, 0.1, 0.1, 0.1, 0.1, 0.1, 0.1, 0.1, 0.1, 0.1, 0.1, 0.1, 0.1, 0.1, 0.1], [0.1, 0.1, 0.1, 0.1, 0.1, 0.1, 0.1, 0.1, 0.1, 0.1, 0.1, 0.1, 0.1, 0.1, 0.1], [0.1, 0.1, 0.1, 0.1, 0.1, 0.1, 0.1, 0.1, 0.1, 0.1, 0.1, 0.1, 0.1, 0.1, 0.1], [0.1, 0.1, 0.1, 0.1, 0.1, 0.1, 0.1, 0.1, 0.1, 0.1, 0.1, 0.1, 0.1, 0.1, 0.1], [0.1, 0.1, 0.1, 0.1, 0.1, 0.1, 0.1, 0.1, 0.1, 0.1, 0.1, 0.1, 0.1, 0.1, 0.1], [0.1, 0.1, 0.1, 0.1, 0.1, 0.1, 0.1, 0.1, 0.1, 0.1, 0.1, 0.1, 0.1, 0.1, 0.1], [0.1, 0.1, 0.1, 0.1, 0.1, 0.1, 0.1, 0.1, 0.1, 0.1, 0.1, 0.1, 0.1, 0.1, 0.1]],