{"generation": 12, "velocity_u": [[0.1, 0.1, 0.1, 0.1, 0.1, 0.1, 0.1, 0.1, 0.1, 0.1, 0.1, 0.1, 0.1, 0.1, 0.1], [0.1, 0.10913320660965797, 0.136332310937885, 0.10087791327469643, 0.061092177639096544, 0.07593146652748942, 0.1026527685930636, 0.08804820502947333, 0.07280814733733552, 0.09505712313271251, 0.06241433658914792, 0.08982782893854235, 0.09634942468903056, 0.10226992189429113, 0.1], [0.1, 0.06762340063311603, 0.1010418895614933, 0.1255173043335725, 0.08328706104984533, 0.07369785638946558, 0.11593771721529408, 0.1416265849408046, 0.12050200841514243, 0.09099886307514667, 0.07927133795206115, 0.11082180052285177, 0.11042512757587788, 0.0745893283028066, 0.1], [0.1, 0.07675527410710395, 0.09919410527909382, 0.09600191034087412, 0.057247397750357414, 0.09468375476891516, 0.0989802809087952, 0.11646681324606364, 0.11569086379906703, 0.041648063134672376, 0.07367810280041454, 0.0861817207883109, 0.09364068869106822, 0.09562963376067424, 0.1], [0.1, 0.11282987040372452, 0.1325693571959968, 0.10751952340118197, 0.1050650443083815, 0.07509708746353826, 0.13850132481546323, 0.08093964870744755, 0.08387992318212183, 0.1054954278342364, 0.11669920334516806, 0.057496239518846, 0.11858645700319602, 0.10468825923215781, 0.1], [0.1, 0.13262612339955776, 0.07128902536317931, 0.07428976281201473, 0.09268234667541904, 0.08378199794744533, 0.10732664169493279, 0.12830712544482217, 0.10512037907931578, 0.09535632715843809, 0.08943101836133585, 0.12240586148193712, 0.11482605519029525, 0.07993764751724895, 0.1], [0.1, 0.10816039782095899, 0.09869983048402825, 0.1271415948655123, 0.07322865953773444, 0.08397776783680513, 0.09407513362344737, 0.13258194282342042, 0.11066307874077133, 0.0939665196158135, 0.09964852079568826, 0.06993581391310941, 0.08992539795598901, 0.10391762884668071, 0.1], [0.1, 0.07737851576704578, 0.06643084161356068, 0.10221400868616552, 0.08362450080403988, 0.09171019105291665, 0.12492710568514456, 0.12407424959378834, 0.09896301161819714, 0.09161988867632208, 0.12885579732816363, 0.09256305284773209, 0.1112863349784307, 0.09923268082247393, 0.1], [0.1, 0.10924385860951767, 0.1107522489516487, 0.09379479157948281, 0.07706282228534517, 0.11660622489616185, 0.08358412432782747, 0.12024615209361751, 0.11444206550153124, 0.08559079475618557, 0.10920720629422953, 0.09504647856504374, 0.08111422090086771, 0.1323917505280393, 0.1], [0.1, 0.09744294511972053, 0.1093052832372097, 0.10721940767701678, 0.11079057734013874, 0.1308405140442867, 0.09319474452951308, 0.08594331617676505, 0.09128827782450795, 0.08484342451986167, 0.08926603759479103, 0.08043121577694985, 0.08508888315317112, 0.11677924892511667, 0.1], [0.1, 0.09396681001643406, 0.08859101335353702, 0.12505207959758335, 0.09282942887637519, 0.10497166915985125, 0.10994766848419246, 0.10775319165421625, 0.09688231586500064, 0.1110276221449107, 0.09215511998556274, 0.1051771817682568, 0.1237057447733451, 0.07630400102693854, 0.1], [0.1, 0.09122679518713624, 0.06629238548927496, 0.07782444115826188, 0.1113541858795209, 0.09380786157117581, 0.13819418219750762, 0.09288449395102856, 0.12992901090330813, 0.10257971859289469, 0.11571689210823327, 0.0729740483450578, 0.0926880349751553, 0.08926230967984969, 0.1], [0.1, 0.13241513856203121, 0.11055030996177076, 0.11341815062316225, 0.10023836367779239, 0.08943696218053761, 0.12358225913288798, 0.10607203678162838, 0.12032580711419193, 0.14513810754669318, 0.09040556164679864, 0.10565154620000268, 0.09009466382146292, 0.12150730724828766, 0.1], [0.1, 0.11029992991949984, 0.0743267910861841, 0.06384426402960203, 0.09453696438277456, 0.11764718732351438, 0.06954582633689148, 0.11139649750131363, 0.11942222188841024, 0.11436412634946137, 0.11708529523228466, 0.09180559241901122, 0.10339372803971247, 0.09639096959158343, 0.1], [0.1, 0.1, 0.1, 0.1, 0.1, 0.1, 0.1, 0.1, 0.1, 0.1, 0.1, 0.1, 0.1, 0.1, 0.1]], "velocity_v": [[0.1, 0.1, 0.1, 0.1, 0.1, 0.1, 0.1, 0.1, 0.1, 0.1, 0.1, 0.1, 0.1, 0.1, 0.1], [0.1, 0.1, 0.1, 0.1, 0.1, 0.1, 0.1, 0.1, 0.1, 0.1, 0.1, 0.1, 0.1, 0.1, 0.1], [0.1, 0.1, 0.1, 0.1, 0.1, 0.1, 0.1, 0.1, 0.1, 0.1, 0.1, 0.1, 0.1, 0.1, 0.1], [0.1, 0.1, 0.1, 0.1, 0.1, 0.1, 0.1, 0.1, 0.1, 0.1, 0.1, 0.1, 0.1, 0.1, 0.1], [0.1, 0.1, 0.1, 0.1, 0.1, 0.1, 0.1, 0.1, 0.1, 0.1, 0.1, 0.1, 0.1, 0.1, 0.1], [0.1, 0.1, 0.1, 0.1, 0.1, 0.1, 0.1, 0.1, 0.1, 0.1, 0.1, 0.1, 0.1, 0.1, 0.1], [0.1, 0.1, 0.1, 0.1, 0.1, 0.1, 0.1, 0.1, 0.1, 0.1, 0.1, 0.1, 0.1, 0.1, 0.1], [0.1, 0.1, 0.1, 0.1, 0.1, 0.1, 0.1, 0.1, 0.1, 0.1, 0.1, 0.1, 0.1, 0.1, 0.1], [0.1, 0.1, 0.1, 0.1, 0.1, 0.1, 0.1, 0.1, 0.1, 0.1, 0.1, 0.1, 0.1, 0.1, 0.1], [0.1, 0.1, 0.1, 0.1, 0.1, 0.1, 0.1, 0.1, 0.1, 0.1, 0.1, 0.1, 0.1, 0.1, 0.1], [0.1, 0.1, 0.1, 0.1, 0.1, 0.1, 0.1, 0.1, 0.1, 0.1, 0.1, 0.1, 0.1, 0.1, 0.1], [0.1, 0.1, 0.1, 0.1, 0.1, 0.1, 0.1, 0.1, 0.1, 0.1, 0.1, 0.1, 0.1, 0.1, 0.1], [0.1, 0.1, 0.1, 0.1, 0.1, 0.1, 0.1, 0.1, 0.1, 0.1, 0.1, 0.1, 0.1, 0.1, 0.1], [0.1, 0.1, 0.1, 0.1, 0.1, 0.1, 0.1, 0.1, 0.1, 0.1, 0.1, 0.1, 0.1, 0.1, 0.1], [0.1, 0.1, 0.1, 0.1, 0.1, 0.1, 0.1, 0.1, 0.1, 0.1, 0.1, 0.1, 0.1, 0.1, 0.1]],