{"generation": 15, "velocity_u": [[0.1, 0.1, 0.1, 0.1, 0.1, 0.1, 0.1, 0.1, 0.1, 0.1, 0.1, 0.1, 0.1, 0.1, 0.1], [0.1, 0.10063674826578463, 0.1413496935594549, 0.0879853725140226, 0.06264098744523969, 0.07513207993355508, 0.11440673258546222, 0.09105666082064355, 0.06211999434523757, 0.09650939151650015, 0.06115304071608623, 0.08131050391069752, 0.08006027879349535, 0.1017849197034785, 0.1], [0.1, 0.07609020299657326, 0.10943632402699097, 0.1320943262921284, 0.07620897630818181, 0.07364438872336608, 0.12546123234234946, 0.13751915700061956, 0.10831603486417798, 0.07981879908672325, 0.08441963969035912, 0.09479382862212506, 0.12634070930470354, 0.07576488521497296, 0.1], [0.1, 0.058831523635615446, 0.08589724043137777, 0.09066799902075683, 0.053296056811357385, 0.0851224446092309, 0.09437234435407649, 0.11942515672713083, 0.12165496307235069, 0.047714980597768845, 0.0719233224427284, 0.10242925003717634, 0.09692333196444289, 0.10849439716260631, 0.1], [0.1, 0.11099888885471693, 0.13779715116984698, 0.10593957879758781, 0.08938558277402119, 0.0691724889746655, 0.13278660888559965, 0.06972987716203366, 0.09576200619466287, 0.10222179474030839, 0.10361084051552019, 0.06987438328517923, 0.1276801173460767, 0.08913168447463757, 0.1], [0.1, 0.14048113419444394, 0.06907916557563958, 0.08648678268744384, 0.07066150912668717, 0.075056786067493, 0.10965357846309383, 0.11483937167116035, 0.098543134114115, 0.1226132915017119, 0.09069406059371261, 0.12250038955739316, 0.12199187301472562, 0.0659807312742369, 0.1], [0.1, 0.11553024376596857, 0.09347842800137685, 0.12998302093404832, 0.06219468765159788, 0.07783787283308656, 0.08711658690506859, 0.13442250887126603, 0.10149579780809478, 0.09313928082201514, 0.09718630897968826, 0.0861863130316143, 0.08909450876998834, 0.09749751547314663, 0.1], [0.1, 0.07795217275759089, 0.06054179201265733, 0.10762826618787281, 0.09322559607468595, 0.08322569375119931, 0.13493758337837003, 0.13730225990231829, 0.11402120159546211, 0.07389427614321059, 0.1292505375993725, 0.09291882529034617, 0.11684462395401693, 0.08821596013085953, 0.1], [0.1, 0.0953011764139334, 0.10433646616540733, 0.08139754708617399, 0.05614167981898022, 0.11742402301184973, 0.08864541439532063, 0.11900621555962844, 0.10618473238981449, 0.10259965882244777, 0.1368658492761583, 0.08887185285565723, 0.07559666204903663, 0.1330673637742534, 0.1], [0.1, 0.09238378412706649, 0.10725306415209797, 0.11072188089232878, 0.1145710638679584, 0.12815126116613718, 0.0800889135063609, 0.10449083958532848, 0.08195111150997611, 0.06366338146055839, 0.08832359060522706, 0.05575947739795161, 0.07920031707932342, 0.12600833033021624, 0.1], [0.1, 0.09955661216497001, 0.10703110306848024, 0.15206409633703213, 0.10178857407121594, 0.1025341173853295, 0.0941290802043515, 0.10845793615545155, 0.09158359035026872, 0.10554998753230259, 0.10946182851970541, 0.1148870983428725, 0.1146553200401955, 0.08382307614689705, 0.1], [0.1, 0.0826154160747983, 0.05512279371927988, 0.0841732277565313, 0.09832662243053529, 0.08021726841586048, 0.13813385680266863, 0.0909706929913536, 0.1182422986459426, 0.10135861530351395, 0.11549116030225022, 0.07480545828857614, 0.08067597420945125, 0.0739832898989474, 0.1], [0.1, 0.12617878442537397, 0.10802503195236672, 0.0994686509674701, 0.12257118532019631, 0.09453448791881021, 0.13997804791632384, 0.09592365576404416, 0.11560896359330483, 0.1374422352141233, 0.10041062729177716, 0.11475854789311499, 0.0797822740255232, 0.11188886565513248, 0.1], [0.1, 0.13592817937596294, 0.09158056432375125, 0.058584737736256415, 0.08148943079314244, 0.12249653010119536, 0.06740194752653819, 0.13250442506770344, 0.13160526080198615, 0.13696998151709905, 0.13899933621952362, 0.11320213354961098, 0.09059927666806064, 0.10002443305577097, 0.1], [0.1, 0.1, 0.1, 0.1, 0.1, 0.1, 0.1, 0.1, 0.1, 0.1, 0.1, 0.1, 0.1, 0.1, 0.1]], "velocity_v": [[0.1, 0.1, 0.1, 0.1, 0.1, 0.1, 0.1, 0.1, 0.1, 0.1, 0.1, 0.1, 0.1, 0.1, 0.1], [0.1, 0.1, 0.1, 0.1, 0.1, 0.1, 0.1, 0.1, 0.1, 0.1, 0.1, 0.1, 0.1, 0.1, 0.1], [0.1, 0.1, 0.1, 0.1, 0.1, 0.1, 0.1, 0.1, 0.1, 0.1, 0.1, 0.1, 0.1, 0.1, 0.1], [0.1, 0.1, 0.1, 0.1, 0.1, 0.1, 0.1, 0.1, 0.1, 0.1, 0.1, 0.1, 0.1, 0.1, 0.1], [0.1, 0.1, 0.1, 0.1, 0.1, 0.1, 0.1, 0.1, 0.1, 0.1, 0.1, 0.1, 0.1, 0.1, 0.1], [0.1, 0.1, 0.1, 0.1, 0.1, 0.1, 0.1, 0.1, 0.1, 0.1, 0.1, 0.1, 0.1, 0.1, 0.1], [0.1, 0.1, 0.1, 0.1, 0.1, 0.1, 0.1, 0.1, 0.1, 0.1, 0.1, 0.1, 0.1, 0.1, 0.1], [0.1, 0.1, 0.1, 0.1, 0.1, 0.1, 0.1, 0.1, 0.1, 0.1, 0.1, 0.1, 0.1, 0.1, 0.1], [0.1, 0.1, 0.1, 0.1, 0.1, 0.1, 0.1, 0.1, 0.1, 0.1, 0.1, 0.1, 0.1, 0.1, 0.1], [0.1, 0.1, 0.1, 0.1, 0.1, 0.1, 0.1, 0.1, 0.1, 0.1, 0.1, 0.1, 0.1, 0.1, 0.1], [0.1, 0.1, 0.1, 0.1, 0.1, 0.1, 0.1, 0.1, 0.1, 0.1, 0.1, 0.1, 0.1, 0.1, 0.1], [0.1, 0.1, 0.1, 0.1, 0.1, 0.1, 0.1, 0.1, 0.1, 0.1, 0.1, 0.1, 0.1, 0.1, 0.1], [0.1, 0.1, 0.1, 0.1, 0.1, 0.1, 0.1, 0.1, 0.1, 0.1, 0.1, 0.1, 0.1, 0.1, 0.1], [0.1, 0.1, 0.1, 0.1, 0.1, 0.1, 0.1, 0.1, 0.1, 0.1, 0.1, 0.1, 0.1, 0.1, 0.1], [0.1, 0.1, 0.1, 0.1, 0.1, 0.1, 0.1, 0.1, 0.1, 0.1, 0.1, 0.1, 0.1, 0.1, 0.1]],