{"generation": 42, "velocity_u": [[0.1, 0.1, 0.1, 0.1, 0.1, 0.1, 0.1, 0.1, 0.1, 0.1, 0.1, 0.1, 0.1, 0.1, 0.1], [0.1, 0.10630651551777784, 0.03893802922408712, 0.10446621995778049, 0.060232506685345015, 0.08931938945997342, 0.07143965200296341, 0.11188574581960896, 0.058237004323477726, 0.07474631585376613, 0.1391383997255665, 0.06191308341478831, 0.07077667701282292, 0.07700256800921473, 0.1], [0.1, 0.09830670605569143, 0.1849082599528709, 0.09937795647224487, 0.09421619231836319, 0.13306551844043948, 0.12262615199888476, 0.054363845350010445, 0.037736369813883466, 0.09541882363452328, 0.09642083371509931, 0.06567817249551768, 0.07646171115891323, 0.1431722065881084, 0.1], [0.1, 0.06461001688905896, 0.13436827572570273, 0.045594515435922224, 0.12156674947144804, 0.09628905974183156, 0.07141461693030221, 0.13030123469388907, 0.06811604242031517, 0.0843779794633557, -0.0007395664235900178, 0.1412166362795562, 0.06485813315108513, 0.08276945168980504, 0.1], [0.1, 0.08208702388492511, 0.09224761414758709, 0.09720485456529511, 0.026993579258821246, 0.03841612499781637, 0.04835492102786574, 0.13017435578673905, 0.19629503504710458, 0.07923806598909147, 0.07161063100478245, 0.0848668435751007, 0.09190491439545376, 0.13611776881007875, 0.1], [0.1, 0.05751626719429367, 0.08101304112879563, 0.12952717259364338, 0.15721112768023102, 0.0825201299689809, 0.1403076476702612, 0.09394419540579409, 0.08735168637694125, 0.05166904279317864, 0.1401059571967981, 0.07767079105200425, 0.10710267427066103, 0.08434099429264835, 0.1], [0.1, 0.10303965697032744, 0.18661639024472815, 0.06914508512814868, 0.07001763244177572, 0.13020458606419866, 0.11568383087030425, 0.0805669717100197, 0.09458701662574938, 0.12881539476370424, 0.12498585038170583, 0.060187349833737754, 0.1649509363463604, 0.0614968393874582, 0.1], [0.1, 0.14074563959347258, 0.06660373094492962, 0.13568834152651157, 0.06250032559980191, 0.009887396619721288, 0.12415317141848094, 0.0854326516570683, 0.07660882752346693, 0.0523074216550707, 0.06400263172635953, 0.08017927681441955, 0.10887507740014823, 0.07828893958777561, 0.1], [0.1, 0.13822799144208148, 0.07656549766362568, 0.032001814749529844, 0.024338681119033916, 0.07468911005171669, 0.15388258309841174, 0.12484614491776597, 0.12768509771457504, 0.12646289483332362, 0.09594542403841366, 0.12611822353525295, 0.22673596939816862, 0.07762153741079375, 0.1], [0.1, 0.09763736128877169, 0.038015405649919204, 0.040740475874974785, 0.04178679018097382, 0.06883012315867948, 0.06039137426552742, 0.08575068801973927, 0.14137326430368732, 0.07481263362892013, 0.1679861535141805, 0.05496446501863473, 0.08191614577931117, 0.057716007705933436, 0.1], [0.1, 0.16082981220340203, 0.1113954876112494, 0.07580060887022758, 0.09262205207867688, 0.09124173061244491, 0.05773352004104987, 0.1979867379275573, 0.09967952438231029, 0.03708320335575418, 0.09624976353286814, 0.07856612529355336, 0.08387131660774816, 0.19260529333902487, 0.1], [0.1, 0.08264292340130293, 0.10406043238582925, 0.11623847264419235, 0.07839124120475197, 0.1447231091270103, 0.06486876273946647, 0.12650428196456331, 0.12355817662936486, 0.05557812945765965, 0.10947056009228273, 0.12751962614401086, 0.09350302106889735, 0.08312879777608148, 0.1], [0.1, 0.05873339639896971, 0.11633162909994144, 0.15867378513119385, 0.15697102815214528, 0.028466123328366552, 0.09844690360820527, 0.10853852444522821, 0.07422945332603403, 0.08150308304254104, 0.13518797672840951, 0.05700718835656715, 0.07938585806862397, 0.06976867391440672, 0.1], [0.1, 0.12281551270411134, 0.10394020416917917, 0.030994764893125422, 0.0695709851158574, 0.1451411603897772, 0.1596130736701792, 0.10886471002257067, 0.15137576318975607, 0.13102391298172522, 0.11835787150439728, 0.10720044085639807, 0.09734174466059532, 0.08304027446511525, 0.1], [0.1, 0.1, 0.1, 0.1, 0.1, 0.1, 0.1, 0.1, 0.1, 0.1, 0.1, 0.1, 0.1, 0.1, 0.1]], "velocity_v": [[0.1, 0.1, 0.1, 0.1, 0.1, 0.1, 0.1, 0.1, 0.1, 0.1, 0.1, 0.1, 0.1, 0.1, 0.1], [0.1, 0.1, 0.1, 0.1, 0.1, 0.1, 0.1, 0.1, 0.1, 0.1, 0.1, 0.1, 0.1, 0.1, 0.1], [0.1, 0.1, 0.1, 0.1, 0.1, 0.1, 0.1, 0.1, 0.1, 0.1, 0.1, 0.1, 0.1, 0.1, 0.1], [0.1, 0.1, 0.1, 0.1, 0.1, 0.1, 0.1, 0.1, 0.1, 0.1, 0.1, 0.1, 0.1, 0.1, 0.1], [0.1, 0.1, 0.1, 0.1, 0.1, 0.1, 0.1, 0.1, 0.1, 0.1, 0.1, 0.1, 0.1, 0.1, 0.1], [0.1, 0.1, 0.1, 0.1, 0.1, 0.1, 0.1, 0.1, 0.1, 0.1, 0.1, 0.1, 0.1, 0.1, 0.1], [0.1, 0.1, 0.1, 0.1, 0.1, 0.1, 0.1, 0.1, 0.1, 0.1, 0.1, 0.1, 0.1, 0.1, 0.1], [0.1, 0.1, 0.1, 0.1, 0.1, 0.1, 0.1, 0.1, 0.1, 0.1, 0.1, 0.1, 0.1, 0.1, 0.1], [0.1, 0.1, 0.1, 0.1, 0.1, 0.1, 0.1, 0.1, 0.1, 0.1, 0.1, 0.1, 0.1, 0.1, 0.1], [0.1, 0.1, 0.1, 0.1, 0.1, 0.1, 0.1, 0.1, 0.1, 0.1, 0.1, 0.1, 0.1, 0.1, 0.1], [0.1, 0.1, 0.1, 0.1, 0.1, 0.1, 0.1, 0.1, 0.1, 0.1, 0.1, 0.1, 0.1, 0.1, 0.1], [0.1, 0.1, 0.1, 0.1, 0.1, 0.1, 0.1, 0.1, 0.1, 0.1, 0.1, 0.1, 0.1, 0.1, 0.1], [0.1, 0.1, 0.1, 0.1, 0.1, 0.1, 0.1, 0.1, 0.1, 0.1, 0.1, 0.1, 0.1, 0.1, 0.1], [0.1, 0.1, 0.1, 0.1, 0.1, 0.1, 0.1, 0.1, 0.1, 0.1, 0.1, 0.1, 0.1, 0.1, 0.1], [0.1, 0.1, 0.1, 0.1, 0.1, 0.1, 0.1, 0.1, 0.1, 0.1, 0.1, 0.1, 0.1, 0.1, 0.1]],