{"generation": 21, "velocity_u": [[0.1, 0.1, 0.1, 0.1, 0.1, 0.1, 0.1, 0.1, 0.1, 0.1, 0.1, 0.1, 0.1, 0.1, 0.1], [0.1, 0.0928208261608455, 0.13202921859059707, 0.05823164209628798, 0.06407452620479101, 0.07658074907288503, 0.07037804771378883, 0.09847483253993775, 0.043600317449289015, 0.1038530539052682, 0.072810996757559, 0.07886689287205954, 0.07784572456450906, 0.10626859127016336, 0.1], [0.1, 0.0554629752608046, 0.1253400902557096, 0.10929749494392615, 0.07368016044008431, 0.08010623512028717, 0.10978577867798606, 0.11762857229027855, 0.07816440242076983, 0.09986299406218413, 0.07677039028378871, 0.09751707060577532, 0.10094745937287487, 0.08711008749058496, 0.1], [0.1, 0.05828205060406755, 0.07411963547483384, 0.06324724730858027, 0.07991740504368372, 0.06707901100780106, 0.07709263572139437, 0.14327258586147687, 0.14151205992717272, 0.06722307717783793, 0.08161254109527005, 0.08356724502859453, 0.11144876258114604, 0.09762342422368374, 0.1], [0.1, 0.0889518963199374, 0.15565379122742892, 0.11848653401454465, 0.08100583369781748, 0.07964870109653084, 0.09180960287171992, 0.07353673179662253, 0.09502393238977999, 0.06192319510135765, 0.11455859376803745, 0.07473091802976208, 0.11391115812927942, 0.10312471752014736, 0.1], [0.1, 0.12975963225957277, 0.07851967483647185, 0.07794878629457114, 0.10788232408688243, 0.08273961152666955, 0.13671671245405506, 0.10158565611627082, 0.10317089188884124, 0.11837514362159374, 0.09355593626171183, 0.11096784075538502, 0.16061566673081265, 0.04365051700447925, 0.1], [0.1, 0.14573133647489256, 0.12636509840259968, 0.11399539476636492, 0.035063131916991286, 0.05676311401337256, 0.08290393792436415, 0.10973376543207645, 0.09445660753970933, 0.12161779069400833, 0.08239205169440324, 0.08132868416122321, 0.13688561336382568, 0.0865315535735111, 0.1], [0.1, 0.09924385372088072, 0.031211869839108303, 0.11305166430789007, 0.09678673208991573, 0.06861519643354536, 0.1513872587076946, 0.15878209500747015, 0.09902627049057668, 0.07494422576650356, 0.09199479018329763, 0.08702229643417334, 0.12710797187527817, 0.08369208765788638, 0.1], [0.1, 0.08686378861876, 0.08773897342055477, 0.06824148540165266, 0.047988820269191663, 0.09268627869768559, 0.08779222649559477, 0.11032837732941626, 0.10529101442297253, 0.10968572106135843, 0.15012715165368012, 0.09456645597665947, 0.1054615582726538, 0.08891544318260125, 0.1], [0.1, 0.11389239048295698, 0.12177028651131504, 0.09805389171591217, 0.0951880990828139, 0.0955219057435267, 0.07310441396851285, 0.1238108638333477, 0.07621739304650248, 0.0731653057377595, 0.10945871172036456, 0.05238905676022346, 0.05765875697553614, 0.13638962462138368, 0.1], [0.1, 0.10479348865657682, 0.13788866005685155, 0.16633266948688663, 0.12335958236194133, 0.13633173656302358, 0.08615569386309305, 0.11436041370652039, 0.08198246191919618, 0.09495585485583088, 0.09858301553857414, 0.0935987282660106, 0.12067936842165287, 0.09359498346510553, 0.1], [0.1, 0.07531415335611728, 0.07448901712674237, 0.08297650534080242, 0.08337814184989548, 0.07329906544930138, 0.10742214186708916, 0.08327626234652087, 0.11592996357684303, 0.10019282737722505, 0.10698037582420504, 0.08721662616453925, 0.0775457323733458, 0.045149376847030964, 0.1], [0.1, 0.10888928589746402, 0.09139764160313742, 0.103664169245859, 0.11902348986537177, 0.09566806947244955, 0.15634486193800434, 0.10916702443730664, 0.1253487564089984, 0.12671172140400921, 0.09328323545975244, 0.08907506996733504, 0.09790445198688967, 0.11290561325228297, 0.1], [0.1, 0.12499734361045547, 0.0731142755817871, 0.07162314899533215, 0.09555626323564037, 0.1349565487810626, 0.0872620877315603, 0.11595929688168556, 0.15313297586680955, 0.13257922188034532, 0.13834666992336947, 0.12026549376924872, 0.07064012903505848, 0.08608964908875542, 0.1], [0.1, 0.1, 0.1, 0.1, 0.1, 0.1, 0.1, 0.1, 0.1, 0.1, 0.1, 0.1, 0.1, 0.1, 0.1]], "velocity_v": [[0.1, 0.1, 0.1, 0.1, 0.1, 0.1, 0.1, 0.1, 0.1, 0.1, 0.1, 0.1, 0.1, 0.1, 0.1], [0.1, 0.1, 0.1, 0.1, 0.1, 0.1, 0.1, 0.1, 0.1, 0.1, 0.1, 0.1, 0.1, 0.1, 0.1], [0.1, 0.1, 0.1, 0.1, 0.1, 0.1, 0.1, 0.1, 0.1, 0.1, 0.1, 0.1, 0.1, 0.1, 0.1], [0.1, 0.1, 0.1, 0.1, 0.1, 0.1, 0.1, 0.1, 0.1, 0.1, 0.1, 0.1, 0.1, 0.1, 0.1], [0.1, 0.1, 0.1, 0.1, 0.1, 0.1, 0.1, 0.1, 0.1, 0.1, 0.1, 0.1, 0.1, 0.1, 0.1], [0.1, 0.1, 0.1, 0.1, 0.1, 0.1, 0.1, 0.1, 0.1, 0.1, 0.1, 0.1, 0.1, 0.1, 0.1], [0.1, 0.1, 0.1, 0.1, 0.1, 0.1, 0.1, 0.1, 0.1, 0.1, 0.1, 0.1, 0.1, 0.1, 0.1], [0.1, 0.1, 0.1, 0.1, 0.1, 0.1, 0.1, 0.1, 0.1, 0.1, 0.1, 0.1, 0.1, 0.1, 0.1], [0.1, 0.1, 0.1, 0.1, 0.1, 0.1, 0.1, 0.1, 0.1, 0.1, 0.1, 0.1, 0.1, 0.1, 0.1], [0.1, 0.1, 0.1, 0.1, 0.1, 0.1, 0.1, 0.1, 0.1, 0.1, 0.1, 0.1, 0.1, 0.1, 0.1], [0.1, 0.1, 0.1, 0.1, 0.1, 0.1, 0.1, 0.1, 0.1, 0.1, 0.1, 0.1, 0.1, 0.1, 0.1], [0.1, 0.1, 0.1, 0.1, 0.1, 0.1, 0.1, 0.1, 0.1, 0.1, 0.1, 0.1, 0.1, 0.1, 0.1], [0.1, 0.1, 0.1, 0.1, 0.1, 0.1, 0.1, 0.1, 0.1, 0.1, 0.1, 0.1, 0.1, 0.1, 0.1], [0.1, 0.1, 0.1, 0.1, 0.1, 0.1, 0.1, 0.1, 0.1, 0.1, 0.1, 0.1, 0.1, 0.1, 0.1], [0.1, 0.1, 0.1, 0.1, 0.1, 0.1, 0.1, 0.1, 0.1, 0.1, 0.1, 0.1, 0.1, 0.1, 0.1]],